Title,Price,Navigation_URL,Image_URLs
2023 Toyota Corolla Cross 1.8 XS,R 366 900,N/A,https://photos.webuycars.co.za/photobooth/16B416438/Thumbnails/16B4164380.webp | https://photos.webuycars.co.za/photobooth/16B416438/Thumbnails/16B41643811.webp | https://photos.webuycars.co.za/photobooth/16B416438/Thumbnails/16B41643812.webp | https://photos.webuycars.co.za/photobooth/16B416438/Thumbnails/16B41643813.webp | https://photos.webuycars.co.za/photobooth/16B416438/Thumbnails/16B41643814.webp | https://photos.webuycars.co.za/photobooth/16B416438/Thumbnails/16B41643815.webp | https://photos.webuycars.co.za/photobooth/16B416438/Thumbnails/16B41643816.webp | https://photos.webuycars.co.za/photobooth/16B416438/Thumbnails/16B41643817.webp | https://photos.webuycars.co.za/photobooth/16B416438/Thumbnails/16B41643818.webp | https://photos.webuycars.co.za/photobooth/16B416438/Thumbnails/16B41643819.webp | https://photos.webuycars.co.za/photobooth/16B416438/Thumbnails/16B41643820.webp | https://photos.webuycars.co.za/photobooth/16B416438/Thumbnails/16B41643821.webp | https://photos.webuycars.co.za/photobooth/16B416438/Thumbnails/16B41643823.webp | https://photos.webuycars.co.za/photobooth/16B416438/Thumbnails/16B41643826.webp | https://photos.webuycars.co.za/photobooth/16B416438/Thumbnails/16B41643829.webp | https://photos.webuycars.co.za/photobooth/16B416438/Thumbnails/16B4164385.webp | https://photos.webuycars.co.za/photobooth/16B416438/Thumbnails/16B4164386.webp | https://photos.webuycars.co.za/photobooth/16B416438/Thumbnails/16B4164387.webp | https://photos.webuycars.co.za/photobooth/16B416438/Thumbnails/16B4164388.webp | https://photos.webuycars.co.za/photobooth/16B416438/Thumbnails/16B4164389.webp
2023 Hyundai i10 Grand I10 1.0 Motion Auto,R 189 900,N/A,https://photos.webuycars.co.za/photobooth/311410665/Thumbnails/3114106650.webp | https://photos.webuycars.co.za/photobooth/311410665/Thumbnails/31141066511.webp | https://photos.webuycars.co.za/photobooth/311410665/Thumbnails/31141066512.webp | https://photos.webuycars.co.za/photobooth/311410665/Thumbnails/31141066513.webp | https://photos.webuycars.co.za/photobooth/311410665/Thumbnails/31141066514.webp | https://photos.webuycars.co.za/photobooth/311410665/Thumbnails/31141066515.webp | https://photos.webuycars.co.za/photobooth/311410665/Thumbnails/31141066516.webp | https://photos.webuycars.co.za/photobooth/311410665/Thumbnails/31141066517.webp | https://photos.webuycars.co.za/photobooth/311410665/Thumbnails/31141066518.webp | https://photos.webuycars.co.za/photobooth/311410665/Thumbnails/31141066519.webp | https://photos.webuycars.co.za/photobooth/311410665/Thumbnails/31141066520.webp | https://photos.webuycars.co.za/photobooth/311410665/Thumbnails/31141066521.webp | https://photos.webuycars.co.za/photobooth/311410665/Thumbnails/31141066523.webp | https://photos.webuycars.co.za/photobooth/311410665/Thumbnails/31141066526.webp | https://photos.webuycars.co.za/photobooth/311410665/Thumbnails/31141066529.webp | https://photos.webuycars.co.za/photobooth/311410665/Thumbnails/3114106655.webp | https://photos.webuycars.co.za/photobooth/311410665/Thumbnails/3114106656.webp | https://photos.webuycars.co.za/photobooth/311410665/Thumbnails/3114106657.webp | https://photos.webuycars.co.za/photobooth/311410665/Thumbnails/3114106658.webp | https://photos.webuycars.co.za/photobooth/311410665/Thumbnails/3114106659.webp
2019 Ford Mustang 5.0 GT Auto,R 828 900,N/A,https://photos.webuycars.co.za/photobooth/3D1D09239/Thumbnails/3D1D092390.webp | https://photos.webuycars.co.za/photobooth/3D1D09239/Thumbnails/3D1D0923911.webp | https://photos.webuycars.co.za/photobooth/3D1D09239/Thumbnails/3D1D0923912.webp | https://photos.webuycars.co.za/photobooth/3D1D09239/Thumbnails/3D1D0923914.webp | https://photos.webuycars.co.za/photobooth/3D1D09239/Thumbnails/3D1D0923915.webp | https://photos.webuycars.co.za/photobooth/3D1D09239/Thumbnails/3D1D0923916.webp | https://photos.webuycars.co.za/photobooth/3D1D09239/Thumbnails/3D1D0923917.webp | https://photos.webuycars.co.za/photobooth/3D1D09239/Thumbnails/3D1D0923918.webp | https://photos.webuycars.co.za/photobooth/3D1D09239/Thumbnails/3D1D0923919.webp | https://photos.webuycars.co.za/photobooth/3D1D09239/Thumbnails/3D1D0923920.webp | https://photos.webuycars.co.za/photobooth/3D1D09239/Thumbnails/3D1D0923921.webp | https://photos.webuycars.co.za/photobooth/3D1D09239/Thumbnails/3D1D0923922.webp | https://photos.webuycars.co.za/photobooth/3D1D09239/Thumbnails/3D1D0923923.webp | https://photos.webuycars.co.za/photobooth/3D1D09239/Thumbnails/3D1D0923926.webp | https://photos.webuycars.co.za/photobooth/3D1D09239/Thumbnails/3D1D0923929.webp | https://photos.webuycars.co.za/photobooth/3D1D09239/Thumbnails/3D1D092395.webp | https://photos.webuycars.co.za/photobooth/3D1D09239/Thumbnails/3D1D092396.webp | https://photos.webuycars.co.za/photobooth/3D1D09239/Thumbnails/3D1D092397.webp | https://photos.webuycars.co.za/photobooth/3D1D09239/Thumbnails/3D1D092398.webp | https://photos.webuycars.co.za/photobooth/3D1D09239/Thumbnails/3D1D092399.webp
2021 Suzuki S-Presso 1.0 GL+,R 110 900,N/A,https://photos.webuycars.co.za/photobooth/3EA014077/Thumbnails/3EA0140770.webp | https://photos.webuycars.co.za/photobooth/3EA014077/Thumbnails/3EA01407711.webp | https://photos.webuycars.co.za/photobooth/3EA014077/Thumbnails/3EA01407712.webp | https://photos.webuycars.co.za/photobooth/3EA014077/Thumbnails/3EA01407713.webp | https://photos.webuycars.co.za/photobooth/3EA014077/Thumbnails/3EA01407714.webp | https://photos.webuycars.co.za/photobooth/3EA014077/Thumbnails/3EA01407715.webp | https://photos.webuycars.co.za/photobooth/3EA014077/Thumbnails/3EA01407716.webp | https://photos.webuycars.co.za/photobooth/3EA014077/Thumbnails/3EA01407717.webp | https://photos.webuycars.co.za/photobooth/3EA014077/Thumbnails/3EA01407718.webp | https://photos.webuycars.co.za/photobooth/3EA014077/Thumbnails/3EA01407719.webp | https://photos.webuycars.co.za/photobooth/3EA014077/Thumbnails/3EA01407720.webp | https://photos.webuycars.co.za/photobooth/3EA014077/Thumbnails/3EA01407721.webp | https://photos.webuycars.co.za/photobooth/3EA014077/Thumbnails/3EA01407723.webp | https://photos.webuycars.co.za/photobooth/3EA014077/Thumbnails/3EA01407726.webp | https://photos.webuycars.co.za/photobooth/3EA014077/Thumbnails/3EA01407729.webp | https://photos.webuycars.co.za/photobooth/3EA014077/Thumbnails/3EA0140775.webp | https://photos.webuycars.co.za/photobooth/3EA014077/Thumbnails/3EA0140776.webp | https://photos.webuycars.co.za/photobooth/3EA014077/Thumbnails/3EA0140777.webp | https://photos.webuycars.co.za/photobooth/3EA014077/Thumbnails/3EA0140778.webp | https://photos.webuycars.co.za/photobooth/3EA014077/Thumbnails/3EA0140779.webp
2021 Suzuki S-Presso 1.0 GL,R 138 900,N/A,https://photos.webuycars.co.za/photobooth/446608301/Thumbnails/4466083010.webp | https://photos.webuycars.co.za/photobooth/446608301/Thumbnails/44660830111.webp | https://photos.webuycars.co.za/photobooth/446608301/Thumbnails/44660830112.webp | https://photos.webuycars.co.za/photobooth/446608301/Thumbnails/44660830113.webp | https://photos.webuycars.co.za/photobooth/446608301/Thumbnails/44660830114.webp | https://photos.webuycars.co.za/photobooth/446608301/Thumbnails/44660830115.webp | https://photos.webuycars.co.za/photobooth/446608301/Thumbnails/44660830116.webp | https://photos.webuycars.co.za/photobooth/446608301/Thumbnails/44660830117.webp | https://photos.webuycars.co.za/photobooth/446608301/Thumbnails/44660830118.webp | https://photos.webuycars.co.za/photobooth/446608301/Thumbnails/44660830119.webp | https://photos.webuycars.co.za/photobooth/446608301/Thumbnails/44660830120.webp | https://photos.webuycars.co.za/photobooth/446608301/Thumbnails/44660830121.webp | https://photos.webuycars.co.za/photobooth/446608301/Thumbnails/44660830126.webp | https://photos.webuycars.co.za/photobooth/446608301/Thumbnails/44660830129.webp | https://photos.webuycars.co.za/photobooth/446608301/Thumbnails/4466083015.webp | https://photos.webuycars.co.za/photobooth/446608301/Thumbnails/4466083016.webp | https://photos.webuycars.co.za/photobooth/446608301/Thumbnails/4466083017.webp | https://photos.webuycars.co.za/photobooth/446608301/Thumbnails/4466083018.webp | https://photos.webuycars.co.za/photobooth/446608301/Thumbnails/4466083019.webp
2025 Citroen C3 1.2 MAX (61 KW),R 188 900,N/A,https://photos.webuycars.co.za/photobooth/5A3F01370/Thumbnails/5A3F013700.webp | https://photos.webuycars.co.za/photobooth/5A3F01370/Thumbnails/5A3F0137011.webp | https://photos.webuycars.co.za/photobooth/5A3F01370/Thumbnails/5A3F0137012.webp | https://photos.webuycars.co.za/photobooth/5A3F01370/Thumbnails/5A3F0137013.webp | https://photos.webuycars.co.za/photobooth/5A3F01370/Thumbnails/5A3F0137014.webp | https://photos.webuycars.co.za/photobooth/5A3F01370/Thumbnails/5A3F0137015.webp | https://photos.webuycars.co.za/photobooth/5A3F01370/Thumbnails/5A3F0137016.webp | https://photos.webuycars.co.za/photobooth/5A3F01370/Thumbnails/5A3F0137017.webp | https://photos.webuycars.co.za/photobooth/5A3F01370/Thumbnails/5A3F0137018.webp | https://photos.webuycars.co.za/photobooth/5A3F01370/Thumbnails/5A3F0137019.webp | https://photos.webuycars.co.za/photobooth/5A3F01370/Thumbnails/5A3F0137020.webp | https://photos.webuycars.co.za/photobooth/5A3F01370/Thumbnails/5A3F0137023.webp | https://photos.webuycars.co.za/photobooth/5A3F01370/Thumbnails/5A3F0137026.webp | https://photos.webuycars.co.za/photobooth/5A3F01370/Thumbnails/5A3F013705.webp | https://photos.webuycars.co.za/photobooth/5A3F01370/Thumbnails/5A3F013706.webp | https://photos.webuycars.co.za/photobooth/5A3F01370/Thumbnails/5A3F013707.webp | https://photos.webuycars.co.za/photobooth/5A3F01370/Thumbnails/5A3F013708.webp | https://photos.webuycars.co.za/photobooth/5A3F01370/Thumbnails/5A3F013709.webp
2017 Hyundai i10 1.1 Gls/motion,R 113 900,N/A,https://photos.webuycars.co.za/photobooth/6DC406633/Thumbnails/6DC4066330.webp | https://photos.webuycars.co.za/photobooth/6DC406633/Thumbnails/6DC40663311.webp | https://photos.webuycars.co.za/photobooth/6DC406633/Thumbnails/6DC40663312.webp | https://photos.webuycars.co.za/photobooth/6DC406633/Thumbnails/6DC40663313.webp | https://photos.webuycars.co.za/photobooth/6DC406633/Thumbnails/6DC40663314.webp | https://photos.webuycars.co.za/photobooth/6DC406633/Thumbnails/6DC40663315.webp | https://photos.webuycars.co.za/photobooth/6DC406633/Thumbnails/6DC40663316.webp | https://photos.webuycars.co.za/photobooth/6DC406633/Thumbnails/6DC40663317.webp | https://photos.webuycars.co.za/photobooth/6DC406633/Thumbnails/6DC40663318.webp | https://photos.webuycars.co.za/photobooth/6DC406633/Thumbnails/6DC40663319.webp | https://photos.webuycars.co.za/photobooth/6DC406633/Thumbnails/6DC40663320.webp | https://photos.webuycars.co.za/photobooth/6DC406633/Thumbnails/6DC40663321.webp | https://photos.webuycars.co.za/photobooth/6DC406633/Thumbnails/6DC40663323.webp | https://photos.webuycars.co.za/photobooth/6DC406633/Thumbnails/6DC40663326.webp | https://photos.webuycars.co.za/photobooth/6DC406633/Thumbnails/6DC40663329.webp | https://photos.webuycars.co.za/photobooth/6DC406633/Thumbnails/6DC4066337.webp | https://photos.webuycars.co.za/photobooth/6DC406633/Thumbnails/6DC4066338.webp | https://photos.webuycars.co.za/photobooth/6DC406633/Thumbnails/6DC4066339.webp
2026 BMW 4 Series Gran Coupe 420d Gran Coupe M Sport (G26),R 999 900,N/A,https://photos.webuycars.co.za/photobooth/76A210018/Thumbnails/76A2100180.webp | https://photos.webuycars.co.za/photobooth/76A210018/Thumbnails/76A21001811.webp | https://photos.webuycars.co.za/photobooth/76A210018/Thumbnails/76A21001812.webp | https://photos.webuycars.co.za/photobooth/76A210018/Thumbnails/76A21001813.webp | https://photos.webuycars.co.za/photobooth/76A210018/Thumbnails/76A21001815.webp | https://photos.webuycars.co.za/photobooth/76A210018/Thumbnails/76A21001818.webp | https://photos.webuycars.co.za/photobooth/76A210018/Thumbnails/76A21001819.webp | https://photos.webuycars.co.za/photobooth/76A210018/Thumbnails/76A21001820.webp | https://photos.webuycars.co.za/photobooth/76A210018/Thumbnails/76A21001821.webp | https://photos.webuycars.co.za/photobooth/76A210018/Thumbnails/76A21001822.webp | https://photos.webuycars.co.za/photobooth/76A210018/Thumbnails/76A21001823.webp | https://photos.webuycars.co.za/photobooth/76A210018/Thumbnails/76A21001824.webp | https://photos.webuycars.co.za/photobooth/76A210018/Thumbnails/76A21001826.webp | https://photos.webuycars.co.za/photobooth/76A210018/Thumbnails/76A21001829.webp | https://photos.webuycars.co.za/photobooth/76A210018/Thumbnails/76A2100185.webp | https://photos.webuycars.co.za/photobooth/76A210018/Thumbnails/76A2100186.webp | https://photos.webuycars.co.za/photobooth/76A210018/Thumbnails/76A2100187.webp | https://photos.webuycars.co.za/photobooth/76A210018/Thumbnails/76A2100188.webp | https://photos.webuycars.co.za/photobooth/76A210018/Thumbnails/76A2100189.webp
2018 Suzuki Celerio 1.0 GA,R 98 900,N/A,https://photos.webuycars.co.za/photobooth/83BF07058/Thumbnails/83BF070580.webp | https://photos.webuycars.co.za/photobooth/83BF07058/Thumbnails/83BF0705811.webp | https://photos.webuycars.co.za/photobooth/83BF07058/Thumbnails/83BF0705812.webp | https://photos.webuycars.co.za/photobooth/83BF07058/Thumbnails/83BF0705813.webp | https://photos.webuycars.co.za/photobooth/83BF07058/Thumbnails/83BF0705814.webp | https://photos.webuycars.co.za/photobooth/83BF07058/Thumbnails/83BF0705815.webp | https://photos.webuycars.co.za/photobooth/83BF07058/Thumbnails/83BF0705816.webp | https://photos.webuycars.co.za/photobooth/83BF07058/Thumbnails/83BF0705818.webp | https://photos.webuycars.co.za/photobooth/83BF07058/Thumbnails/83BF0705819.webp | https://photos.webuycars.co.za/photobooth/83BF07058/Thumbnails/83BF0705820.webp | https://photos.webuycars.co.za/photobooth/83BF07058/Thumbnails/83BF0705823.webp | https://photos.webuycars.co.za/photobooth/83BF07058/Thumbnails/83BF0705826.webp | https://photos.webuycars.co.za/photobooth/83BF07058/Thumbnails/83BF0705829.webp | https://photos.webuycars.co.za/photobooth/83BF07058/Thumbnails/83BF070585.webp | https://photos.webuycars.co.za/photobooth/83BF07058/Thumbnails/83BF070586.webp | https://photos.webuycars.co.za/photobooth/83BF07058/Thumbnails/83BF070587.webp | https://photos.webuycars.co.za/photobooth/83BF07058/Thumbnails/83BF070588.webp | https://photos.webuycars.co.za/photobooth/83BF07058/Thumbnails/83BF070589.webp
2011 Chevrolet Spark Lite LS 5-Door,R 86 900,N/A,https://photos.webuycars.co.za/photobooth/85BC06537/Thumbnails/85BC065370.webp | https://photos.webuycars.co.za/photobooth/85BC06537/Thumbnails/85BC0653711.webp | https://photos.webuycars.co.za/photobooth/85BC06537/Thumbnails/85BC0653712.webp | https://photos.webuycars.co.za/photobooth/85BC06537/Thumbnails/85BC0653713.webp | https://photos.webuycars.co.za/photobooth/85BC06537/Thumbnails/85BC0653715.webp | https://photos.webuycars.co.za/photobooth/85BC06537/Thumbnails/85BC0653718.webp | https://photos.webuycars.co.za/photobooth/85BC06537/Thumbnails/85BC0653719.webp | https://photos.webuycars.co.za/photobooth/85BC06537/Thumbnails/85BC0653720.webp | https://photos.webuycars.co.za/photobooth/85BC06537/Thumbnails/85BC0653721.webp | https://photos.webuycars.co.za/photobooth/85BC06537/Thumbnails/85BC0653726.webp | https://photos.webuycars.co.za/photobooth/85BC06537/Thumbnails/85BC0653729.webp | https://photos.webuycars.co.za/photobooth/85BC06537/Thumbnails/85BC065375.webp | https://photos.webuycars.co.za/photobooth/85BC06537/Thumbnails/85BC065376.webp | https://photos.webuycars.co.za/photobooth/85BC06537/Thumbnails/85BC065377.webp | https://photos.webuycars.co.za/photobooth/85BC06537/Thumbnails/85BC065378.webp | https://photos.webuycars.co.za/photobooth/85BC06537/Thumbnails/85BC065379.webp
2022 Suzuki Swift 1.2 GL,R 196 900,N/A,https://photos.webuycars.co.za/photobooth/94C915357/Thumbnails/94C9153570.webp | https://photos.webuycars.co.za/photobooth/94C915357/Thumbnails/94C91535711.webp | https://photos.webuycars.co.za/photobooth/94C915357/Thumbnails/94C91535712.webp | https://photos.webuycars.co.za/photobooth/94C915357/Thumbnails/94C91535713.webp | https://photos.webuycars.co.za/photobooth/94C915357/Thumbnails/94C91535714.webp | https://photos.webuycars.co.za/photobooth/94C915357/Thumbnails/94C91535715.webp | https://photos.webuycars.co.za/photobooth/94C915357/Thumbnails/94C91535716.webp | https://photos.webuycars.co.za/photobooth/94C915357/Thumbnails/94C91535717.webp | https://photos.webuycars.co.za/photobooth/94C915357/Thumbnails/94C91535718.webp | https://photos.webuycars.co.za/photobooth/94C915357/Thumbnails/94C91535719.webp | https://photos.webuycars.co.za/photobooth/94C915357/Thumbnails/94C91535720.webp | https://photos.webuycars.co.za/photobooth/94C915357/Thumbnails/94C91535721.webp | https://photos.webuycars.co.za/photobooth/94C915357/Thumbnails/94C91535723.webp | https://photos.webuycars.co.za/photobooth/94C915357/Thumbnails/94C91535726.webp | https://photos.webuycars.co.za/photobooth/94C915357/Thumbnails/94C91535729.webp | https://photos.webuycars.co.za/photobooth/94C915357/Thumbnails/94C9153575.webp | https://photos.webuycars.co.za/photobooth/94C915357/Thumbnails/94C9153576.webp | https://photos.webuycars.co.za/photobooth/94C915357/Thumbnails/94C9153577.webp | https://photos.webuycars.co.za/photobooth/94C915357/Thumbnails/94C9153578.webp | https://photos.webuycars.co.za/photobooth/94C915357/Thumbnails/94C9153579.webp
2025 Suzuki S-Presso 1.0 GL+ AMT,R 171 900,N/A,https://photos.webuycars.co.za/photobooth/9AEB16845/Thumbnails/9AEB168450.webp | https://photos.webuycars.co.za/photobooth/9AEB16845/Thumbnails/9AEB1684511.webp | https://photos.webuycars.co.za/photobooth/9AEB16845/Thumbnails/9AEB1684512.webp | https://photos.webuycars.co.za/photobooth/9AEB16845/Thumbnails/9AEB1684513.webp | https://photos.webuycars.co.za/photobooth/9AEB16845/Thumbnails/9AEB1684514.webp | https://photos.webuycars.co.za/photobooth/9AEB16845/Thumbnails/9AEB1684515.webp | https://photos.webuycars.co.za/photobooth/9AEB16845/Thumbnails/9AEB1684516.webp | https://photos.webuycars.co.za/photobooth/9AEB16845/Thumbnails/9AEB1684517.webp | https://photos.webuycars.co.za/photobooth/9AEB16845/Thumbnails/9AEB1684518.webp | https://photos.webuycars.co.za/photobooth/9AEB16845/Thumbnails/9AEB1684519.webp | https://photos.webuycars.co.za/photobooth/9AEB16845/Thumbnails/9AEB1684520.webp | https://photos.webuycars.co.za/photobooth/9AEB16845/Thumbnails/9AEB1684521.webp | https://photos.webuycars.co.za/photobooth/9AEB16845/Thumbnails/9AEB1684523.webp | https://photos.webuycars.co.za/photobooth/9AEB16845/Thumbnails/9AEB1684526.webp | https://photos.webuycars.co.za/photobooth/9AEB16845/Thumbnails/9AEB1684529.webp | https://photos.webuycars.co.za/photobooth/9AEB16845/Thumbnails/9AEB168455.webp | https://photos.webuycars.co.za/photobooth/9AEB16845/Thumbnails/9AEB168456.webp | https://photos.webuycars.co.za/photobooth/9AEB16845/Thumbnails/9AEB168457.webp | https://photos.webuycars.co.za/photobooth/9AEB16845/Thumbnails/9AEB168458.webp | https://photos.webuycars.co.za/photobooth/9AEB16845/Thumbnails/9AEB168459.webp
2024 Honda FIT 1.5 Comfort CVT,R 283 900,N/A,https://photos.webuycars.co.za/photobooth/9C9300303/Thumbnails/9C93003030.webp | https://photos.webuycars.co.za/photobooth/9C9300303/Thumbnails/9C930030311.webp | https://photos.webuycars.co.za/photobooth/9C9300303/Thumbnails/9C930030312.webp | https://photos.webuycars.co.za/photobooth/9C9300303/Thumbnails/9C930030313.webp | https://photos.webuycars.co.za/photobooth/9C9300303/Thumbnails/9C930030314.webp | https://photos.webuycars.co.za/photobooth/9C9300303/Thumbnails/9C930030315.webp | https://photos.webuycars.co.za/photobooth/9C9300303/Thumbnails/9C930030316.webp | https://photos.webuycars.co.za/photobooth/9C9300303/Thumbnails/9C930030317.webp | https://photos.webuycars.co.za/photobooth/9C9300303/Thumbnails/9C930030318.webp | https://photos.webuycars.co.za/photobooth/9C9300303/Thumbnails/9C930030319.webp | https://photos.webuycars.co.za/photobooth/9C9300303/Thumbnails/9C930030320.webp | https://photos.webuycars.co.za/photobooth/9C9300303/Thumbnails/9C930030321.webp | https://photos.webuycars.co.za/photobooth/9C9300303/Thumbnails/9C930030323.webp | https://photos.webuycars.co.za/photobooth/9C9300303/Thumbnails/9C930030326.webp | https://photos.webuycars.co.za/photobooth/9C9300303/Thumbnails/9C930030329.webp | https://photos.webuycars.co.za/photobooth/9C9300303/Thumbnails/9C93003035.webp | https://photos.webuycars.co.za/photobooth/9C9300303/Thumbnails/9C93003036.webp | https://photos.webuycars.co.za/photobooth/9C9300303/Thumbnails/9C93003037.webp | https://photos.webuycars.co.za/photobooth/9C9300303/Thumbnails/9C93003038.webp | https://photos.webuycars.co.za/photobooth/9C9300303/Thumbnails/9C93003039.webp
2022 Peugeot 107 / 108 108 1.0 THP Active,R 109 900,N/A,https://photos.webuycars.co.za/photobooth/A2D605712/Thumbnails/A2D6057120.webp | https://photos.webuycars.co.za/photobooth/A2D605712/Thumbnails/A2D60571211.webp | https://photos.webuycars.co.za/photobooth/A2D605712/Thumbnails/A2D60571212.webp | https://photos.webuycars.co.za/photobooth/A2D605712/Thumbnails/A2D60571213.webp | https://photos.webuycars.co.za/photobooth/A2D605712/Thumbnails/A2D60571214.webp | https://photos.webuycars.co.za/photobooth/A2D605712/Thumbnails/A2D60571215.webp | https://photos.webuycars.co.za/photobooth/A2D605712/Thumbnails/A2D60571216.webp | https://photos.webuycars.co.za/photobooth/A2D605712/Thumbnails/A2D60571217.webp | https://photos.webuycars.co.za/photobooth/A2D605712/Thumbnails/A2D60571218.webp | https://photos.webuycars.co.za/photobooth/A2D605712/Thumbnails/A2D60571219.webp | https://photos.webuycars.co.za/photobooth/A2D605712/Thumbnails/A2D60571220.webp | https://photos.webuycars.co.za/photobooth/A2D605712/Thumbnails/A2D60571221.webp | https://photos.webuycars.co.za/photobooth/A2D605712/Thumbnails/A2D60571223.webp | https://photos.webuycars.co.za/photobooth/A2D605712/Thumbnails/A2D60571229.webp | https://photos.webuycars.co.za/photobooth/A2D605712/Thumbnails/A2D6057125.webp | https://photos.webuycars.co.za/photobooth/A2D605712/Thumbnails/A2D6057126.webp | https://photos.webuycars.co.za/photobooth/A2D605712/Thumbnails/A2D6057127.webp | https://photos.webuycars.co.za/photobooth/A2D605712/Thumbnails/A2D6057128.webp | https://photos.webuycars.co.za/photobooth/A2D605712/Thumbnails/A2D6057129.webp
2026 Suzuki Fronx 1.5 GL,R 293 900,N/A,https://photos.webuycars.co.za/photobooth/A70205018/Thumbnails/A702050180.webp | https://photos.webuycars.co.za/photobooth/A70205018/Thumbnails/A7020501811.webp | https://photos.webuycars.co.za/photobooth/A70205018/Thumbnails/A7020501812.webp | https://photos.webuycars.co.za/photobooth/A70205018/Thumbnails/A7020501813.webp | https://photos.webuycars.co.za/photobooth/A70205018/Thumbnails/A7020501814.webp | https://photos.webuycars.co.za/photobooth/A70205018/Thumbnails/A7020501815.webp | https://photos.webuycars.co.za/photobooth/A70205018/Thumbnails/A7020501816.webp | https://photos.webuycars.co.za/photobooth/A70205018/Thumbnails/A7020501817.webp | https://photos.webuycars.co.za/photobooth/A70205018/Thumbnails/A7020501818.webp | https://photos.webuycars.co.za/photobooth/A70205018/Thumbnails/A7020501819.webp | https://photos.webuycars.co.za/photobooth/A70205018/Thumbnails/A7020501820.webp | https://photos.webuycars.co.za/photobooth/A70205018/Thumbnails/A7020501823.webp | https://photos.webuycars.co.za/photobooth/A70205018/Thumbnails/A7020501826.webp | https://photos.webuycars.co.za/photobooth/A70205018/Thumbnails/A7020501829.webp | https://photos.webuycars.co.za/photobooth/A70205018/Thumbnails/A702050185.webp | https://photos.webuycars.co.za/photobooth/A70205018/Thumbnails/A702050186.webp | https://photos.webuycars.co.za/photobooth/A70205018/Thumbnails/A702050187.webp | https://photos.webuycars.co.za/photobooth/A70205018/Thumbnails/A702050188.webp | https://photos.webuycars.co.za/photobooth/A70205018/Thumbnails/A702050189.webp
2017 Fiat 500 L 1.4 Lounge 5-Door,R 108 900,N/A,https://photos.webuycars.co.za/photobooth/C41211910/Thumbnails/C412119100.webp | https://photos.webuycars.co.za/photobooth/C41211910/Thumbnails/C4121191011.webp | https://photos.webuycars.co.za/photobooth/C41211910/Thumbnails/C4121191012.webp | https://photos.webuycars.co.za/photobooth/C41211910/Thumbnails/C4121191013.webp | https://photos.webuycars.co.za/photobooth/C41211910/Thumbnails/C4121191014.webp | https://photos.webuycars.co.za/photobooth/C41211910/Thumbnails/C4121191015.webp | https://photos.webuycars.co.za/photobooth/C41211910/Thumbnails/C4121191016.webp | https://photos.webuycars.co.za/photobooth/C41211910/Thumbnails/C4121191017.webp | https://photos.webuycars.co.za/photobooth/C41211910/Thumbnails/C4121191018.webp | https://photos.webuycars.co.za/photobooth/C41211910/Thumbnails/C4121191019.webp | https://photos.webuycars.co.za/photobooth/C41211910/Thumbnails/C4121191020.webp | https://photos.webuycars.co.za/photobooth/C41211910/Thumbnails/C4121191021.webp | https://photos.webuycars.co.za/photobooth/C41211910/Thumbnails/C4121191023.webp | https://photos.webuycars.co.za/photobooth/C41211910/Thumbnails/C4121191026.webp | https://photos.webuycars.co.za/photobooth/C41211910/Thumbnails/C4121191029.webp | https://photos.webuycars.co.za/photobooth/C41211910/Thumbnails/C412119105.webp | https://photos.webuycars.co.za/photobooth/C41211910/Thumbnails/C412119106.webp | https://photos.webuycars.co.za/photobooth/C41211910/Thumbnails/C412119107.webp | https://photos.webuycars.co.za/photobooth/C41211910/Thumbnails/C412119108.webp | https://photos.webuycars.co.za/photobooth/C41211910/Thumbnails/C412119109.webp
2012 Hyundai i10 1.25 Gls/fluid,R 102 900,N/A,https://photos.webuycars.co.za/photobooth/AB0804614/Thumbnails/AB08046140.webp | https://photos.webuycars.co.za/photobooth/AB0804614/Thumbnails/AB080461411.webp | https://photos.webuycars.co.za/photobooth/AB0804614/Thumbnails/AB080461412.webp | https://photos.webuycars.co.za/photobooth/AB0804614/Thumbnails/AB080461413.webp | https://photos.webuycars.co.za/photobooth/AB0804614/Thumbnails/AB080461414.webp | https://photos.webuycars.co.za/photobooth/AB0804614/Thumbnails/AB080461415.webp | https://photos.webuycars.co.za/photobooth/AB0804614/Thumbnails/AB080461416.webp | https://photos.webuycars.co.za/photobooth/AB0804614/Thumbnails/AB080461417.webp | https://photos.webuycars.co.za/photobooth/AB0804614/Thumbnails/AB080461418.webp | https://photos.webuycars.co.za/photobooth/AB0804614/Thumbnails/AB080461419.webp | https://photos.webuycars.co.za/photobooth/AB0804614/Thumbnails/AB080461420.webp | https://photos.webuycars.co.za/photobooth/AB0804614/Thumbnails/AB080461421.webp | https://photos.webuycars.co.za/photobooth/AB0804614/Thumbnails/AB080461423.webp | https://photos.webuycars.co.za/photobooth/AB0804614/Thumbnails/AB080461426.webp | https://photos.webuycars.co.za/photobooth/AB0804614/Thumbnails/AB080461429.webp | https://photos.webuycars.co.za/photobooth/AB0804614/Thumbnails/AB08046145.webp | https://photos.webuycars.co.za/photobooth/AB0804614/Thumbnails/AB08046146.webp | https://photos.webuycars.co.za/photobooth/AB0804614/Thumbnails/AB08046147.webp | https://photos.webuycars.co.za/photobooth/AB0804614/Thumbnails/AB08046148.webp | https://photos.webuycars.co.za/photobooth/AB0804614/Thumbnails/AB08046149.webp
2026 Hyundai i10 Grand I10 1.0 Motion/premium,R 212 900,N/A,https://photos.webuycars.co.za/photobooth/B08506866/Thumbnails/B085068660.webp | https://photos.webuycars.co.za/photobooth/B08506866/Thumbnails/B0850686611.webp | https://photos.webuycars.co.za/photobooth/B08506866/Thumbnails/B0850686612.webp | https://photos.webuycars.co.za/photobooth/B08506866/Thumbnails/B0850686613.webp | https://photos.webuycars.co.za/photobooth/B08506866/Thumbnails/B0850686614.webp | https://photos.webuycars.co.za/photobooth/B08506866/Thumbnails/B0850686615.webp | https://photos.webuycars.co.za/photobooth/B08506866/Thumbnails/B0850686616.webp | https://photos.webuycars.co.za/photobooth/B08506866/Thumbnails/B0850686617.webp | https://photos.webuycars.co.za/photobooth/B08506866/Thumbnails/B0850686618.webp | https://photos.webuycars.co.za/photobooth/B08506866/Thumbnails/B0850686620.webp | https://photos.webuycars.co.za/photobooth/B08506866/Thumbnails/B0850686621.webp | https://photos.webuycars.co.za/photobooth/B08506866/Thumbnails/B0850686623.webp | https://photos.webuycars.co.za/photobooth/B08506866/Thumbnails/B0850686626.webp | https://photos.webuycars.co.za/photobooth/B08506866/Thumbnails/B0850686629.webp | https://photos.webuycars.co.za/photobooth/B08506866/Thumbnails/B085068665.webp | https://photos.webuycars.co.za/photobooth/B08506866/Thumbnails/B085068666.webp | https://photos.webuycars.co.za/photobooth/B08506866/Thumbnails/B085068667.webp | https://photos.webuycars.co.za/photobooth/B08506866/Thumbnails/B085068668.webp | https://photos.webuycars.co.za/photobooth/B08506866/Thumbnails/B085068669.webp
2025 Fiat 500 1.2 Style Auto,R 300 900,N/A,https://photos.webuycars.co.za/photobooth/C11516864/Thumbnails/C115168640.webp | https://photos.webuycars.co.za/photobooth/C11516864/Thumbnails/C1151686411.webp | https://photos.webuycars.co.za/photobooth/C11516864/Thumbnails/C1151686412.webp | https://photos.webuycars.co.za/photobooth/C11516864/Thumbnails/C1151686415.webp | https://photos.webuycars.co.za/photobooth/C11516864/Thumbnails/C1151686418.webp | https://photos.webuycars.co.za/photobooth/C11516864/Thumbnails/C1151686419.webp | https://photos.webuycars.co.za/photobooth/C11516864/Thumbnails/C1151686423.webp | https://photos.webuycars.co.za/photobooth/C11516864/Thumbnails/C1151686426.webp | https://photos.webuycars.co.za/photobooth/C11516864/Thumbnails/C1151686429.webp | https://photos.webuycars.co.za/photobooth/C11516864/Thumbnails/C115168645.webp | https://photos.webuycars.co.za/photobooth/C11516864/Thumbnails/C115168646.webp | https://photos.webuycars.co.za/photobooth/C11516864/Thumbnails/C115168647.webp | https://photos.webuycars.co.za/photobooth/C11516864/Thumbnails/C115168648.webp | https://photos.webuycars.co.za/photobooth/C11516864/Thumbnails/C115168649.webp
2025 Volkswagen Polo Vivo 1.4 (5dr),R 245 900,N/A,https://photos.webuycars.co.za/photobooth/E35813228/Thumbnails/E358132280.webp | https://photos.webuycars.co.za/photobooth/E35813228/Thumbnails/E3581322811.webp | https://photos.webuycars.co.za/photobooth/E35813228/Thumbnails/E3581322812.webp | https://photos.webuycars.co.za/photobooth/E35813228/Thumbnails/E3581322813.webp | https://photos.webuycars.co.za/photobooth/E35813228/Thumbnails/E3581322814.webp | https://photos.webuycars.co.za/photobooth/E35813228/Thumbnails/E3581322815.webp | https://photos.webuycars.co.za/photobooth/E35813228/Thumbnails/E3581322816.webp | https://photos.webuycars.co.za/photobooth/E35813228/Thumbnails/E3581322817.webp | https://photos.webuycars.co.za/photobooth/E35813228/Thumbnails/E3581322818.webp | https://photos.webuycars.co.za/photobooth/E35813228/Thumbnails/E3581322819.webp | https://photos.webuycars.co.za/photobooth/E35813228/Thumbnails/E3581322820.webp | https://photos.webuycars.co.za/photobooth/E35813228/Thumbnails/E3581322823.webp | https://photos.webuycars.co.za/photobooth/E35813228/Thumbnails/E3581322826.webp | https://photos.webuycars.co.za/photobooth/E35813228/Thumbnails/E3581322829.webp | https://photos.webuycars.co.za/photobooth/E35813228/Thumbnails/E358132285.webp | https://photos.webuycars.co.za/photobooth/E35813228/Thumbnails/E358132286.webp | https://photos.webuycars.co.za/photobooth/E35813228/Thumbnails/E358132287.webp | https://photos.webuycars.co.za/photobooth/E35813228/Thumbnails/E358132288.webp | https://photos.webuycars.co.za/photobooth/E35813228/Thumbnails/E358132289.webp
2026 Hyundai i10 Grand I10 1.0 Motion/premium,R 212 900,N/A,https://photos.webuycars.co.za/photobooth/D66504093/Thumbnails/D665040930.webp | https://photos.webuycars.co.za/photobooth/D66504093/Thumbnails/D6650409311.webp | https://photos.webuycars.co.za/photobooth/D66504093/Thumbnails/D6650409312.webp | https://photos.webuycars.co.za/photobooth/D66504093/Thumbnails/D6650409313.webp | https://photos.webuycars.co.za/photobooth/D66504093/Thumbnails/D6650409314.webp | https://photos.webuycars.co.za/photobooth/D66504093/Thumbnails/D6650409315.webp | https://photos.webuycars.co.za/photobooth/D66504093/Thumbnails/D6650409316.webp | https://photos.webuycars.co.za/photobooth/D66504093/Thumbnails/D6650409317.webp | https://photos.webuycars.co.za/photobooth/D66504093/Thumbnails/D6650409318.webp | https://photos.webuycars.co.za/photobooth/D66504093/Thumbnails/D6650409319.webp | https://photos.webuycars.co.za/photobooth/D66504093/Thumbnails/D6650409320.webp | https://photos.webuycars.co.za/photobooth/D66504093/Thumbnails/D6650409321.webp | https://photos.webuycars.co.za/photobooth/D66504093/Thumbnails/D6650409323.webp | https://photos.webuycars.co.za/photobooth/D66504093/Thumbnails/D6650409326.webp | https://photos.webuycars.co.za/photobooth/D66504093/Thumbnails/D6650409329.webp | https://photos.webuycars.co.za/photobooth/D66504093/Thumbnails/D665040935.webp | https://photos.webuycars.co.za/photobooth/D66504093/Thumbnails/D665040936.webp | https://photos.webuycars.co.za/photobooth/D66504093/Thumbnails/D665040937.webp | https://photos.webuycars.co.za/photobooth/D66504093/Thumbnails/D665040938.webp | https://photos.webuycars.co.za/photobooth/D66504093/Thumbnails/D665040939.webp
2025 KIA Sonet 1.5 SX CVT,R 363 900,N/A,https://photos.webuycars.co.za/photobooth/E38904148/Thumbnails/E389041480.webp | https://photos.webuycars.co.za/photobooth/E38904148/Thumbnails/E3890414811.webp | https://photos.webuycars.co.za/photobooth/E38904148/Thumbnails/E3890414812.webp | https://photos.webuycars.co.za/photobooth/E38904148/Thumbnails/E3890414813.webp | https://photos.webuycars.co.za/photobooth/E38904148/Thumbnails/E3890414814.webp | https://photos.webuycars.co.za/photobooth/E38904148/Thumbnails/E3890414815.webp | https://photos.webuycars.co.za/photobooth/E38904148/Thumbnails/E3890414816.webp | https://photos.webuycars.co.za/photobooth/E38904148/Thumbnails/E3890414817.webp | https://photos.webuycars.co.za/photobooth/E38904148/Thumbnails/E3890414818.webp | https://photos.webuycars.co.za/photobooth/E38904148/Thumbnails/E3890414819.webp | https://photos.webuycars.co.za/photobooth/E38904148/Thumbnails/E3890414820.webp | https://photos.webuycars.co.za/photobooth/E38904148/Thumbnails/E3890414821.webp | https://photos.webuycars.co.za/photobooth/E38904148/Thumbnails/E3890414823.webp | https://photos.webuycars.co.za/photobooth/E38904148/Thumbnails/E3890414826.webp | https://photos.webuycars.co.za/photobooth/E38904148/Thumbnails/E3890414829.webp | https://photos.webuycars.co.za/photobooth/E38904148/Thumbnails/E389041485.webp | https://photos.webuycars.co.za/photobooth/E38904148/Thumbnails/E389041486.webp | https://photos.webuycars.co.za/photobooth/E38904148/Thumbnails/E389041487.webp | https://photos.webuycars.co.za/photobooth/E38904148/Thumbnails/E389041488.webp | https://photos.webuycars.co.za/photobooth/E38904148/Thumbnails/E389041489.webp
2019 KIA Picanto 1.0 Style Auto,R 186 900,N/A,https://photos.webuycars.co.za/photobooth/EC7E11531/Thumbnails/EC7E115310.webp | https://photos.webuycars.co.za/photobooth/EC7E11531/Thumbnails/EC7E1153111.webp | https://photos.webuycars.co.za/photobooth/EC7E11531/Thumbnails/EC7E1153112.webp | https://photos.webuycars.co.za/photobooth/EC7E11531/Thumbnails/EC7E1153113.webp | https://photos.webuycars.co.za/photobooth/EC7E11531/Thumbnails/EC7E1153114.webp | https://photos.webuycars.co.za/photobooth/EC7E11531/Thumbnails/EC7E1153115.webp | https://photos.webuycars.co.za/photobooth/EC7E11531/Thumbnails/EC7E1153116.webp | https://photos.webuycars.co.za/photobooth/EC7E11531/Thumbnails/EC7E1153117.webp | https://photos.webuycars.co.za/photobooth/EC7E11531/Thumbnails/EC7E1153118.webp | https://photos.webuycars.co.za/photobooth/EC7E11531/Thumbnails/EC7E1153119.webp | https://photos.webuycars.co.za/photobooth/EC7E11531/Thumbnails/EC7E1153120.webp | https://photos.webuycars.co.za/photobooth/EC7E11531/Thumbnails/EC7E1153121.webp | https://photos.webuycars.co.za/photobooth/EC7E11531/Thumbnails/EC7E1153123.webp | https://photos.webuycars.co.za/photobooth/EC7E11531/Thumbnails/EC7E1153126.webp | https://photos.webuycars.co.za/photobooth/EC7E11531/Thumbnails/EC7E1153129.webp | https://photos.webuycars.co.za/photobooth/EC7E11531/Thumbnails/EC7E115315.webp | https://photos.webuycars.co.za/photobooth/EC7E11531/Thumbnails/EC7E115316.webp | https://photos.webuycars.co.za/photobooth/EC7E11531/Thumbnails/EC7E115317.webp | https://photos.webuycars.co.za/photobooth/EC7E11531/Thumbnails/EC7E115318.webp | https://photos.webuycars.co.za/photobooth/EC7E11531/Thumbnails/EC7E115319.webp
