title,price,stock_id,navigationUrl,images,imageCount,sourceUrl,createdAt,variant,registrationYear,mileage,transmission,branch,seats,doors,bodyType,color,serviceHistory,fuelConsumption,engineSize,fuelType,fuelTank,kilowatts,gears,drive,scrapedAt,scrapedDate
2021 Toyota Hilux 2.0 Vvti S Pick Up Single Cab,R 283 900,C11A07001,https://www.webuycars.co.za/buy-a-car/Toyota/Hilux-20-Vvti-S-Pick-Up-Single-Cab/C11A07001,"['https://photos.webuycars.co.za/photobooth/C11A07001/Thumbnails/C11A0700115.webp', 'https://photos.webuycars.co.za/photobooth/C11A07001/Thumbnails/C11A0700126.webp', 'https://photos.webuycars.co.za/photobooth/C11A07001/Thumbnails/C11A070010.webp', 'https://photos.webuycars.co.za/photobooth/C11A07001/Thumbnails/C11A070016.webp', 'https://photos.webuycars.co.za/photobooth/C11A07001/Thumbnails/C11A0700114.webp', 'https://photos.webuycars.co.za/photobooth/C11A07001/Thumbnails/C11A0700112.webp', 'https://photos.webuycars.co.za/photobooth/C11A07001/Thumbnails/C11A070017.webp', 'https://photos.webuycars.co.za/photobooth/C11A07001/Thumbnails/C11A0700119.webp', 'https://photos.webuycars.co.za/photobooth/C11A07001/Thumbnails/C11A0700116.webp', 'https://photos.webuycars.co.za/photobooth/C11A07001/Thumbnails/C11A0700117.webp', 'https://photos.webuycars.co.za/photobooth/C11A07001/Thumbnails/C11A0700124.webp', 'https://photos.webuycars.co.za/photobooth/C11A07001/Thumbnails/C11A070018.webp', 'https://photos.webuycars.co.za/photobooth/C11A07001/Thumbnails/C11A070019.webp', 'https://photos.webuycars.co.za/photobooth/C11A07001/Thumbnails/C11A0700118.webp', 'https://photos.webuycars.co.za/photobooth/C11A07001/Thumbnails/C11A070015.webp']",15,"https://www.webuycars.co.za/buy-a-car?q=%22Toyota%20Hilux%20%22&Year=[2017,2026]&Year_Gte=%222017%22",2026-05-11T20:19:56.843554Z,2.0 Vvti S Pick Up Single Cab,2021,47 885 KM,Manual,Springfield (KZN),2,2,Single Cab,White,Partial but Up to Date,9.05 l/100km,1998 cc,Petrol,80 l,102 kW,5,R,2026-05-11T20:20:20.423180Z,11-05-26
2022 Toyota Hilux 2.4 GD S A/C Pick Up Single Cab,R 303 900,146B05107,https://www.webuycars.co.za/buy-a-car/Toyota/Hilux-24-GD-S-A-C-Pick-Up-Single-Cab/146B05107,"['https://photos.webuycars.co.za/photobooth/146B05107/Thumbnails/146B0510715.webp', 'https://photos.webuycars.co.za/photobooth/146B05107/Thumbnails/146B051078.webp', 'https://photos.webuycars.co.za/photobooth/146B05107/Thumbnails/146B0510718.webp', 'https://photos.webuycars.co.za/photobooth/146B05107/Thumbnails/146B0510712.webp', 'https://photos.webuycars.co.za/photobooth/146B05107/Thumbnails/146B051076.webp', 'https://photos.webuycars.co.za/photobooth/146B05107/Thumbnails/146B051077.webp', 'https://photos.webuycars.co.za/photobooth/146B05107/Thumbnails/146B051079.webp', 'https://photos.webuycars.co.za/photobooth/146B05107/Thumbnails/146B0510719.webp', 'https://photos.webuycars.co.za/photobooth/146B05107/Thumbnails/146B0510724.webp', 'https://photos.webuycars.co.za/photobooth/146B05107/Thumbnails/146B051070.webp', 'https://photos.webuycars.co.za/photobooth/146B05107/Thumbnails/146B0510726.webp', 'https://photos.webuycars.co.za/photobooth/146B05107/Thumbnails/146B0510714.webp', 'https://photos.webuycars.co.za/photobooth/146B05107/Thumbnails/146B0510716.webp', 'https://photos.webuycars.co.za/photobooth/146B05107/Thumbnails/146B0510717.webp', 'https://photos.webuycars.co.za/photobooth/146B05107/Thumbnails/146B051075.webp']",15,"https://www.webuycars.co.za/buy-a-car?q=%22Toyota%20Hilux%20%22&Year=[2017,2026]&Year_Gte=%222017%22",2026-05-11T20:19:57.179871Z,2.4 GD S A/C Pick Up Single Cab,2022,76 100 KM,Manual,Montana (GP),2,2,Single Cab,White,"Complete, Up To Date",6.7 l/100km,2393 cc,Diesel,80 l,110 kW,5,R,2026-05-11T20:20:25.022499Z,11-05-26
2017 Toyota Hilux 2.0 Vvti A/C Pick Up Single Cab,R 223 000,FE4A03624,https://www.webuycars.co.za/buy-a-car/Toyota/Hilux-20-Vvti-A-C-Pick-Up-Single-Cab/FE4A03624,"['https://photos.webuycars.co.za/photobooth/FE4A03624/Thumbnails/FE4A0362426.webp', 'https://photos.webuycars.co.za/photobooth/FE4A03624/Thumbnails/FE4A036245.webp', 'https://photos.webuycars.co.za/photobooth/FE4A03624/Thumbnails/FE4A036246.webp', 'https://photos.webuycars.co.za/photobooth/FE4A03624/Thumbnails/FE4A036249.webp', 'https://photos.webuycars.co.za/photobooth/FE4A03624/Thumbnails/FE4A0362424.webp', 'https://photos.webuycars.co.za/photobooth/FE4A03624/Thumbnails/FE4A036247.webp', 'https://photos.webuycars.co.za/photobooth/FE4A03624/Thumbnails/FE4A0362418.webp', 'https://photos.webuycars.co.za/photobooth/FE4A03624/Thumbnails/FE4A0362416.webp', 'https://photos.webuycars.co.za/photobooth/FE4A03624/Thumbnails/FE4A0362417.webp', 'https://photos.webuycars.co.za/photobooth/FE4A03624/Thumbnails/FE4A0362415.webp', 'https://photos.webuycars.co.za/photobooth/FE4A03624/Thumbnails/FE4A036240.webp', 'https://photos.webuycars.co.za/photobooth/FE4A03624/Thumbnails/FE4A0362414.webp', 'https://photos.webuycars.co.za/photobooth/FE4A03624/Thumbnails/FE4A036248.webp', 'https://photos.webuycars.co.za/photobooth/FE4A03624/Thumbnails/FE4A0362412.webp', 'https://photos.webuycars.co.za/photobooth/FE4A03624/Thumbnails/FE4A0362419.webp']",15,"https://www.webuycars.co.za/buy-a-car?q=%22Toyota%20Hilux%20%22&Year=[2017,2026]&Year_Gte=%222017%22",2026-05-11T20:19:57.447002Z,2.0 Vvti A/C Pick Up Single Cab,2017,99 290 KM,Manual,Pietermaritzburg (KZN),2,2,Single Cab,White,Partial but Up to Date,9.24 l/100km,1998 cc,Petrol,80 l,102 kW,5,R,2026-05-11T20:20:30.672992Z,11-05-26
2017 Toyota Hilux 2.8 Gd-6 RB Raider Pick Up E/cab,R 309 900,8AD912036,https://www.webuycars.co.za/buy-a-car/Toyota/Hilux-28-Gd-6-RB-Raider-Pick-Up-E-cab/8AD912036,"['https://photos.webuycars.co.za/photobooth/8AD912036/Thumbnails/8AD91203615.webp', 'https://photos.webuycars.co.za/photobooth/8AD912036/Thumbnails/8AD91203618.webp', 'https://photos.webuycars.co.za/photobooth/8AD912036/Thumbnails/8AD9120368.webp', 'https://photos.webuycars.co.za/photobooth/8AD912036/Thumbnails/8AD91203612.webp', 'https://photos.webuycars.co.za/photobooth/8AD912036/Thumbnails/8AD91203624.webp', 'https://photos.webuycars.co.za/photobooth/8AD912036/Thumbnails/8AD9120360.webp', 'https://photos.webuycars.co.za/photobooth/8AD912036/Thumbnails/8AD91203621.webp', 'https://photos.webuycars.co.za/photobooth/8AD912036/Thumbnails/8AD91203616.webp', 'https://photos.webuycars.co.za/photobooth/8AD912036/Thumbnails/8AD9120367.webp', 'https://photos.webuycars.co.za/photobooth/8AD912036/Thumbnails/8AD91203619.webp', 'https://photos.webuycars.co.za/photobooth/8AD912036/Thumbnails/8AD9120366.webp', 'https://photos.webuycars.co.za/photobooth/8AD912036/Thumbnails/8AD9120369.webp', 'https://photos.webuycars.co.za/photobooth/8AD912036/Thumbnails/8AD9120365.webp', 'https://photos.webuycars.co.za/photobooth/8AD912036/Thumbnails/8AD91203617.webp', 'https://photos.webuycars.co.za/photobooth/8AD912036/Thumbnails/8AD91203614.webp', 'https://photos.webuycars.co.za/photobooth/8AD912036/Thumbnails/8AD91203626.webp']",16,"https://www.webuycars.co.za/buy-a-car?q=%22Toyota%20Hilux%20%22&Year=[2017,2026]&Year_Gte=%222017%22",2026-05-11T20:19:57.848989Z,2.8 Gd-6 RB Raider Pick Up E/cab,2017,168 252 KM,Manual,Polokwane (L),2,2,Single Cab,White,Partial,7.58 l/100km,2755 cc,Diesel,80 l,130 kW,6,R,2026-05-11T20:20:35.399365Z,11-05-26
2021 Toyota Hilux 2.4 Gd-6 RB Raider Pick Up Single Cab,R 319 900,92BD15362,https://www.webuycars.co.za/buy-a-car/Toyota/Hilux-24-Gd-6-RB-Raider-Pick-Up-Single-Cab/92BD15362,"['https://photos.webuycars.co.za/photobooth/92BD15362/Thumbnails/92BD1536216.webp', 'https://photos.webuycars.co.za/photobooth/92BD15362/Thumbnails/92BD153627.webp', 'https://photos.webuycars.co.za/photobooth/92BD15362/Thumbnails/92BD1536221.webp', 'https://photos.webuycars.co.za/photobooth/92BD15362/Thumbnails/92BD1536226.webp', 'https://photos.webuycars.co.za/photobooth/92BD15362/Thumbnails/92BD153625.webp', 'https://photos.webuycars.co.za/photobooth/92BD15362/Thumbnails/92BD1536219.webp', 'https://photos.webuycars.co.za/photobooth/92BD15362/Thumbnails/92BD1536224.webp', 'https://photos.webuycars.co.za/photobooth/92BD15362/Thumbnails/92BD1536218.webp', 'https://photos.webuycars.co.za/photobooth/92BD15362/Thumbnails/92BD153629.webp', 'https://photos.webuycars.co.za/photobooth/92BD15362/Thumbnails/92BD153626.webp', 'https://photos.webuycars.co.za/photobooth/92BD15362/Thumbnails/92BD1536215.webp', 'https://photos.webuycars.co.za/photobooth/92BD15362/Thumbnails/92BD1536217.webp', 'https://photos.webuycars.co.za/photobooth/92BD15362/Thumbnails/92BD1536214.webp', 'https://photos.webuycars.co.za/photobooth/92BD15362/Thumbnails/92BD153620.webp', 'https://photos.webuycars.co.za/photobooth/92BD15362/Thumbnails/92BD1536212.webp']",15,"https://www.webuycars.co.za/buy-a-car?q=%22Toyota%20Hilux%20%22&Year=[2017,2026]&Year_Gte=%222017%22",2026-05-11T20:19:58.238688Z,2.4 Gd-6 RB Raider Pick Up Single Cab,2021,197 200 KM,Manual,Richmond (WC),2,2,Single Cab,White,"Complete, Up To Date",7.33 l/100km,2393 cc,Diesel,80 l,110 kW,6,R,2026-05-11T20:20:40.298699Z,11-05-26
2017 Toyota Hilux 2.8 Gd-6 RB Raider Pick Up E/cab,R 299 900,79AA12231,https://www.webuycars.co.za/buy-a-car/Toyota/Hilux-28-Gd-6-RB-Raider-Pick-Up-E-cab/79AA12231,"['https://photos.webuycars.co.za/photobooth/79AA12231/Thumbnails/79AA1223119.webp', 'https://photos.webuycars.co.za/photobooth/79AA12231/Thumbnails/79AA122319.webp', 'https://photos.webuycars.co.za/photobooth/79AA12231/Thumbnails/79AA1223112.webp', 'https://photos.webuycars.co.za/photobooth/79AA12231/Thumbnails/79AA1223117.webp', 'https://photos.webuycars.co.za/photobooth/79AA12231/Thumbnails/79AA122316.webp', 'https://photos.webuycars.co.za/photobooth/79AA12231/Thumbnails/79AA122318.webp', 'https://photos.webuycars.co.za/photobooth/79AA12231/Thumbnails/79AA1223114.webp', 'https://photos.webuycars.co.za/photobooth/79AA12231/Thumbnails/79AA122310.webp', 'https://photos.webuycars.co.za/photobooth/79AA12231/Thumbnails/79AA122317.webp', 'https://photos.webuycars.co.za/photobooth/79AA12231/Thumbnails/79AA1223126.webp', 'https://photos.webuycars.co.za/photobooth/79AA12231/Thumbnails/79AA1223115.webp', 'https://photos.webuycars.co.za/photobooth/79AA12231/Thumbnails/79AA1223116.webp', 'https://photos.webuycars.co.za/photobooth/79AA12231/Thumbnails/79AA1223118.webp', 'https://photos.webuycars.co.za/photobooth/79AA12231/Thumbnails/79AA122315.webp']",14,"https://www.webuycars.co.za/buy-a-car?q=%22Toyota%20Hilux%20%22&Year=[2017,2026]&Year_Gte=%222017%22",2026-05-11T20:19:58.516797Z,2.8 Gd-6 RB Raider Pick Up E/cab,2017,199 571 KM,Manual,JHB South (GP),2,2,Single Cab,Silver,"Complete, Up To Date",7.58 l/100km,2755 cc,Diesel,80 l,130 kW,6,R,2026-05-11T20:20:45.149982Z,11-05-26
2020 Toyota Hilux 2.4 Gd-6 RB SRX Pick Up Single Cab,R 282 900,B6D301211,https://www.webuycars.co.za/buy-a-car/Toyota/Hilux-24-Gd-6-RB-SRX-Pick-Up-Single-Cab/B6D301211,"['https://photos.webuycars.co.za/photobooth/B6D301211/Thumbnails/B6D3012119.webp', 'https://photos.webuycars.co.za/photobooth/B6D301211/Thumbnails/B6D30121116.webp', 'https://photos.webuycars.co.za/photobooth/B6D301211/Thumbnails/B6D3012115.webp', 'https://photos.webuycars.co.za/photobooth/B6D301211/Thumbnails/B6D3012116.webp', 'https://photos.webuycars.co.za/photobooth/B6D301211/Thumbnails/B6D30121117.webp', 'https://photos.webuycars.co.za/photobooth/B6D301211/Thumbnails/B6D30121126.webp', 'https://photos.webuycars.co.za/photobooth/B6D301211/Thumbnails/B6D30121114.webp', 'https://photos.webuycars.co.za/photobooth/B6D301211/Thumbnails/B6D30121115.webp', 'https://photos.webuycars.co.za/photobooth/B6D301211/Thumbnails/B6D3012110.webp', 'https://photos.webuycars.co.za/photobooth/B6D301211/Thumbnails/B6D30121112.webp', 'https://photos.webuycars.co.za/photobooth/B6D301211/Thumbnails/B6D3012117.webp', 'https://photos.webuycars.co.za/photobooth/B6D301211/Thumbnails/B6D3012118.webp']",12,"https://www.webuycars.co.za/buy-a-car?q=%22Toyota%20Hilux%20%22&Year=[2017,2026]&Year_Gte=%222017%22",2026-05-11T20:19:58.762131Z,2.4 Gd-6 RB SRX Pick Up Single Cab,2020,232 481 KM,Manual,Riverhorse (KZN),2,2,Single Cab,White,Partial,7.13 l/100km,2393 cc,Diesel,80 l,110 kW,6,R,2026-05-11T20:20:49.732439Z,11-05-26
2019 Toyota Hilux 2.4 Gd-6 RB SRX Pick Up E/cab,R 282 000,389500427,https://www.webuycars.co.za/buy-a-car/Toyota/Hilux-24-Gd-6-RB-SRX-Pick-Up-E-cab/389500427,"['https://photos.webuycars.co.za/photobooth/389500427/Thumbnails/38950042724.webp', 'https://photos.webuycars.co.za/photobooth/389500427/Thumbnails/38950042714.webp', 'https://photos.webuycars.co.za/photobooth/389500427/Thumbnails/3895004278.webp', 'https://photos.webuycars.co.za/photobooth/389500427/Thumbnails/3895004279.webp', 'https://photos.webuycars.co.za/photobooth/389500427/Thumbnails/38950042717.webp', 'https://photos.webuycars.co.za/photobooth/389500427/Thumbnails/3895004276.webp', 'https://photos.webuycars.co.za/photobooth/389500427/Thumbnails/3895004270.webp', 'https://photos.webuycars.co.za/photobooth/389500427/Thumbnails/38950042716.webp', 'https://photos.webuycars.co.za/photobooth/389500427/Thumbnails/38950042712.webp', 'https://photos.webuycars.co.za/photobooth/389500427/Thumbnails/38950042726.webp', 'https://photos.webuycars.co.za/photobooth/389500427/Thumbnails/38950042715.webp', 'https://photos.webuycars.co.za/photobooth/389500427/Thumbnails/38950042718.webp', 'https://photos.webuycars.co.za/photobooth/389500427/Thumbnails/3895004275.webp', 'https://photos.webuycars.co.za/photobooth/389500427/Thumbnails/3895004277.webp', 'https://photos.webuycars.co.za/photobooth/389500427/Thumbnails/38950042719.webp']",15,"https://www.webuycars.co.za/buy-a-car?q=%22Toyota%20Hilux%20%22&Year=[2017,2026]&Year_Gte=%222017%22",2026-05-11T20:19:59.171626Z,2.4 Gd-6 RB SRX Pick Up E/cab,2019,163 128 KM,Manual,Springfield (KZN),2,2,Single Cab,White,"Complete, Up To Date",7.13 l/100km,2393 cc,Diesel,80 l,110 kW,6,R,2026-05-11T20:20:54.189655Z,11-05-26
2019 Toyota Hilux 2.4 Gd-6 RB SRX Pick Up Single Cab,R 258 900,323606414,https://www.webuycars.co.za/buy-a-car/Toyota/Hilux-24-Gd-6-RB-SRX-Pick-Up-Single-Cab/323606414,"['https://photos.webuycars.co.za/photobooth/323606414/Thumbnails/32360641415.webp', 'https://photos.webuycars.co.za/photobooth/323606414/Thumbnails/3236064145.webp', 'https://photos.webuycars.co.za/photobooth/323606414/Thumbnails/32360641420.webp', 'https://photos.webuycars.co.za/photobooth/323606414/Thumbnails/3236064146.webp', 'https://photos.webuycars.co.za/photobooth/323606414/Thumbnails/3236064140.webp', 'https://photos.webuycars.co.za/photobooth/323606414/Thumbnails/32360641412.webp', 'https://photos.webuycars.co.za/photobooth/323606414/Thumbnails/32360641417.webp', 'https://photos.webuycars.co.za/photobooth/323606414/Thumbnails/32360641424.webp', 'https://photos.webuycars.co.za/photobooth/323606414/Thumbnails/3236064148.webp', 'https://photos.webuycars.co.za/photobooth/323606414/Thumbnails/32360641414.webp', 'https://photos.webuycars.co.za/photobooth/323606414/Thumbnails/32360641418.webp', 'https://photos.webuycars.co.za/photobooth/323606414/Thumbnails/32360641419.webp', 'https://photos.webuycars.co.za/photobooth/323606414/Thumbnails/32360641426.webp', 'https://photos.webuycars.co.za/photobooth/323606414/Thumbnails/3236064147.webp', 'https://photos.webuycars.co.za/photobooth/323606414/Thumbnails/32360641416.webp', 'https://photos.webuycars.co.za/photobooth/323606414/Thumbnails/3236064149.webp']",16,"https://www.webuycars.co.za/buy-a-car?q=%22Toyota%20Hilux%20%22&Year=[2017,2026]&Year_Gte=%222017%22",2026-05-11T20:19:59.455387Z,2.4 Gd-6 RB SRX Pick Up Single Cab,2019,225 741 KM,Manual,Silver Lakes (GP),2,2,Single Cab,White,Partial,7.13 l/100km,2393 cc,Diesel,80 l,110 kW,6,R,2026-05-11T20:21:00.277785Z,11-05-26
2021 Toyota Hilux 2.0 Vvti A/C Pick Up Single Cab,R 293 900,DC6709265,https://www.webuycars.co.za/buy-a-car/Toyota/Hilux-20-Vvti-A-C-Pick-Up-Single-Cab/DC6709265,"['https://photos.webuycars.co.za/photobooth/DC6709265/Thumbnails/DC670926526.webp', 'https://photos.webuycars.co.za/photobooth/DC6709265/Thumbnails/DC670926519.webp', 'https://photos.webuycars.co.za/photobooth/DC6709265/Thumbnails/DC67092658.webp', 'https://photos.webuycars.co.za/photobooth/DC6709265/Thumbnails/DC670926518.webp', 'https://photos.webuycars.co.za/photobooth/DC6709265/Thumbnails/DC670926527.webp', 'https://photos.webuycars.co.za/photobooth/DC6709265/Thumbnails/DC670926514.webp', 'https://photos.webuycars.co.za/photobooth/DC6709265/Thumbnails/DC670926520.webp', 'https://photos.webuycars.co.za/photobooth/DC6709265/Thumbnails/DC670926516.webp', 'https://photos.webuycars.co.za/photobooth/DC6709265/Thumbnails/DC670926517.webp', 'https://photos.webuycars.co.za/photobooth/DC6709265/Thumbnails/DC67092656.webp', 'https://photos.webuycars.co.za/photobooth/DC6709265/Thumbnails/DC670926515.webp', 'https://photos.webuycars.co.za/photobooth/DC6709265/Thumbnails/DC67092655.webp', 'https://photos.webuycars.co.za/photobooth/DC6709265/Thumbnails/DC670926512.webp', 'https://photos.webuycars.co.za/photobooth/DC6709265/Thumbnails/DC67092650.webp', 'https://photos.webuycars.co.za/photobooth/DC6709265/Thumbnails/DC67092657.webp', 'https://photos.webuycars.co.za/photobooth/DC6709265/Thumbnails/DC67092659.webp']",16,"https://www.webuycars.co.za/buy-a-car?q=%22Toyota%20Hilux%20%22&Year=[2017,2026]&Year_Gte=%222017%22",2026-05-11T20:20:00.117342Z,2.0 Vvti A/C Pick Up Single Cab,2021,62 522 KM,Manual,Germiston (GP),2,2,Single Cab,White,Partial but Up to Date,9.05 l/100km,1998 cc,Petrol,80 l,102 kW,5,R,2026-05-11T20:21:05.459752Z,11-05-26
2023 Toyota Hilux 2.4 GD A/C Single Cab,R 294 900,ECD101235,https://www.webuycars.co.za/buy-a-car/Toyota/Hilux-24-GD-A-C-Single-Cab/ECD101235,"['https://photos.webuycars.co.za/photobooth/ECD101235/Thumbnails/ECD1012357.webp', 'https://photos.webuycars.co.za/photobooth/ECD101235/Thumbnails/ECD1012359.webp', 'https://photos.webuycars.co.za/photobooth/ECD101235/Thumbnails/ECD10123512.webp', 'https://photos.webuycars.co.za/photobooth/ECD101235/Thumbnails/ECD1012356.webp', 'https://photos.webuycars.co.za/photobooth/ECD101235/Thumbnails/ECD10123526.webp', 'https://photos.webuycars.co.za/photobooth/ECD101235/Thumbnails/ECD1012358.webp', 'https://photos.webuycars.co.za/photobooth/ECD101235/Thumbnails/ECD1012355.webp', 'https://photos.webuycars.co.za/photobooth/ECD101235/Thumbnails/ECD1012350.webp']",8,"https://www.webuycars.co.za/buy-a-car?q=%22Toyota%20Hilux%20%22&Year=[2017,2026]&Year_Gte=%222017%22",2026-05-11T20:20:00.311540Z,2.4 GD A/C Single Cab,2023,109 937 KM,Manual,Riverhorse (KZN),2,2,Chassis Cab,White,Partial,7.1 l/100km,2393 cc,Diesel,80 l,110 kW,5,R,2026-05-11T20:21:10.527594Z,11-05-26
2017 Toyota Hilux 2.4 Gd-6 RB SRX Pick Up Double Cab,R 318 900,3D0106008,https://www.webuycars.co.za/buy-a-car/Toyota/Hilux-24-Gd-6-RB-SRX-Pick-Up-Double-Cab/3D0106008,"['https://photos.webuycars.co.za/photobooth/3D0106008/Thumbnails/3D01060089.webp', 'https://photos.webuycars.co.za/photobooth/3D0106008/Thumbnails/3D010600819.webp', 'https://photos.webuycars.co.za/photobooth/3D0106008/Thumbnails/3D010600815.webp', 'https://photos.webuycars.co.za/photobooth/3D0106008/Thumbnails/3D010600813.webp', 'https://photos.webuycars.co.za/photobooth/3D0106008/Thumbnails/3D010600824.webp', 'https://photos.webuycars.co.za/photobooth/3D0106008/Thumbnails/3D010600811.webp', 'https://photos.webuycars.co.za/photobooth/3D0106008/Thumbnails/3D010600826.webp', 'https://photos.webuycars.co.za/photobooth/3D0106008/Thumbnails/3D010600820.webp', 'https://photos.webuycars.co.za/photobooth/3D0106008/Thumbnails/3D01060086.webp', 'https://photos.webuycars.co.za/photobooth/3D0106008/Thumbnails/3D010600821.webp', 'https://photos.webuycars.co.za/photobooth/3D0106008/Thumbnails/3D01060080.webp', 'https://photos.webuycars.co.za/photobooth/3D0106008/Thumbnails/3D010600818.webp', 'https://photos.webuycars.co.za/photobooth/3D0106008/Thumbnails/3D01060087.webp', 'https://photos.webuycars.co.za/photobooth/3D0106008/Thumbnails/3D01060088.webp', 'https://photos.webuycars.co.za/photobooth/3D0106008/Thumbnails/3D010600823.webp', 'https://photos.webuycars.co.za/photobooth/3D0106008/Thumbnails/3D01060085.webp']",16,"https://www.webuycars.co.za/buy-a-car?q=%22Toyota%20Hilux%20%22&Year=[2017,2026]&Year_Gte=%222017%22",2026-05-11T20:20:00.602114Z,2.4 Gd-6 RB SRX Pick Up Double Cab,2017,152 345 KM,Manual,Gqeberha (EC),5,4,Double Cab,White,Partial but Up to Date,7.1 l/100km,2393 cc,Diesel,80 l,110 kW,6,R,2026-05-11T20:21:15.578638Z,11-05-26
2020 Toyota Hilux 2.7 Vvti RB S Pick Up Double Cab,R 303 000,C4A509592,https://www.webuycars.co.za/buy-a-car/Toyota/Hilux-27-Vvti-RB-S-Pick-Up-Double-Cab/C4A509592,"['https://photos.webuycars.co.za/photobooth/C4A509592/Thumbnails/C4A50959220.webp', 'https://photos.webuycars.co.za/photobooth/C4A509592/Thumbnails/C4A50959214.webp', 'https://photos.webuycars.co.za/photobooth/C4A509592/Thumbnails/C4A5095925.webp', 'https://photos.webuycars.co.za/photobooth/C4A509592/Thumbnails/C4A5095927.webp', 'https://photos.webuycars.co.za/photobooth/C4A509592/Thumbnails/C4A50959228.webp', 'https://photos.webuycars.co.za/photobooth/C4A509592/Thumbnails/C4A5095926.webp', 'https://photos.webuycars.co.za/photobooth/C4A509592/Thumbnails/C4A5095928.webp', 'https://photos.webuycars.co.za/photobooth/C4A509592/Thumbnails/C4A50959216.webp', 'https://photos.webuycars.co.za/photobooth/C4A509592/Thumbnails/C4A50959224.webp', 'https://photos.webuycars.co.za/photobooth/C4A509592/Thumbnails/C4A50959217.webp', 'https://photos.webuycars.co.za/photobooth/C4A509592/Thumbnails/C4A5095920.webp', 'https://photos.webuycars.co.za/photobooth/C4A509592/Thumbnails/C4A50959219.webp', 'https://photos.webuycars.co.za/photobooth/C4A509592/Thumbnails/C4A50959212.webp', 'https://photos.webuycars.co.za/photobooth/C4A509592/Thumbnails/C4A5095929.webp', 'https://photos.webuycars.co.za/photobooth/C4A509592/Thumbnails/C4A50959211.webp', 'https://photos.webuycars.co.za/photobooth/C4A509592/Thumbnails/C4A50959215.webp', 'https://photos.webuycars.co.za/photobooth/C4A509592/Thumbnails/C4A50959218.webp', 'https://photos.webuycars.co.za/photobooth/C4A509592/Thumbnails/C4A50959223.webp', 'https://photos.webuycars.co.za/photobooth/C4A509592/Thumbnails/C4A50959213.webp', 'https://photos.webuycars.co.za/photobooth/C4A509592/Thumbnails/C4A50959226.webp']",20,"https://www.webuycars.co.za/buy-a-car?q=%22Toyota%20Hilux%20%22&Year=[2017,2026]&Year_Gte=%222017%22",2026-05-11T20:20:00.993854Z,2.7 Vvti RB S Pick Up Double Cab,2020,135 841 KM,Manual,Pietermaritzburg (KZN),5,4,Double Cab,Red,"Complete, Up To Date",10.7 l/100km,2694 cc,Petrol,80 l,122 kW,5,R,2026-05-11T20:21:20.559031Z,11-05-26
2020 Toyota Hilux 2.4 GD Pick Up Single Cab,R 277 900,6AA601307,https://www.webuycars.co.za/buy-a-car/Toyota/Hilux-24-GD-Pick-Up-Single-Cab/6AA601307,"['https://photos.webuycars.co.za/photobooth/6AA601307/Thumbnails/6AA60130719.webp', 'https://photos.webuycars.co.za/photobooth/6AA601307/Thumbnails/6AA60130724.webp', 'https://photos.webuycars.co.za/photobooth/6AA601307/Thumbnails/6AA6013078.webp', 'https://photos.webuycars.co.za/photobooth/6AA601307/Thumbnails/6AA6013079.webp', 'https://photos.webuycars.co.za/photobooth/6AA601307/Thumbnails/6AA60130717.webp', 'https://photos.webuycars.co.za/photobooth/6AA601307/Thumbnails/6AA60130712.webp', 'https://photos.webuycars.co.za/photobooth/6AA601307/Thumbnails/6AA60130715.webp', 'https://photos.webuycars.co.za/photobooth/6AA601307/Thumbnails/6AA6013077.webp', 'https://photos.webuycars.co.za/photobooth/6AA601307/Thumbnails/6AA60130726.webp', 'https://photos.webuycars.co.za/photobooth/6AA601307/Thumbnails/6AA6013075.webp', 'https://photos.webuycars.co.za/photobooth/6AA601307/Thumbnails/6AA60130714.webp', 'https://photos.webuycars.co.za/photobooth/6AA601307/Thumbnails/6AA60130718.webp', 'https://photos.webuycars.co.za/photobooth/6AA601307/Thumbnails/6AA6013076.webp', 'https://photos.webuycars.co.za/photobooth/6AA601307/Thumbnails/6AA60130716.webp', 'https://photos.webuycars.co.za/photobooth/6AA601307/Thumbnails/6AA6013070.webp']",15,"https://www.webuycars.co.za/buy-a-car?q=%22Toyota%20Hilux%20%22&Year=[2017,2026]&Year_Gte=%222017%22",2026-05-11T20:20:01.267406Z,2.4 GD Pick Up Single Cab,2020,177 119 KM,Manual,Dome (GP),2,2,Single Cab,White,"Complete, Up To Date",7.13 l/100km,2393 cc,Diesel,80 l,110 kW,5,R,2026-05-11T20:21:25.948932Z,11-05-26
2018 Toyota Hilux 2.4 Gd-6 SRX 4x4 Pick Up Double Cab,R 309 900,7A5206763,https://www.webuycars.co.za/buy-a-car/Toyota/Hilux-24-Gd-6-SRX-4x4-Pick-Up-Double-Cab/7A5206763,"['https://photos.webuycars.co.za/photobooth/7A5206763/Thumbnails/7A520676316.webp', 'https://photos.webuycars.co.za/photobooth/7A5206763/Thumbnails/7A52067636.webp', 'https://photos.webuycars.co.za/photobooth/7A5206763/Thumbnails/7A52067638.webp', 'https://photos.webuycars.co.za/photobooth/7A5206763/Thumbnails/7A520676326.webp', 'https://photos.webuycars.co.za/photobooth/7A5206763/Thumbnails/7A520676314.webp', 'https://photos.webuycars.co.za/photobooth/7A5206763/Thumbnails/7A520676319.webp', 'https://photos.webuycars.co.za/photobooth/7A5206763/Thumbnails/7A52067630.webp', 'https://photos.webuycars.co.za/photobooth/7A5206763/Thumbnails/7A520676312.webp', 'https://photos.webuycars.co.za/photobooth/7A5206763/Thumbnails/7A520676313.webp', 'https://photos.webuycars.co.za/photobooth/7A5206763/Thumbnails/7A520676315.webp', 'https://photos.webuycars.co.za/photobooth/7A5206763/Thumbnails/7A520676317.webp', 'https://photos.webuycars.co.za/photobooth/7A5206763/Thumbnails/7A52067639.webp', 'https://photos.webuycars.co.za/photobooth/7A5206763/Thumbnails/7A52067637.webp', 'https://photos.webuycars.co.za/photobooth/7A5206763/Thumbnails/7A520676327.webp', 'https://photos.webuycars.co.za/photobooth/7A5206763/Thumbnails/7A52067635.webp', 'https://photos.webuycars.co.za/photobooth/7A5206763/Thumbnails/7A520676318.webp']",16,"https://www.webuycars.co.za/buy-a-car?q=%22Toyota%20Hilux%20%22&Year=[2017,2026]&Year_Gte=%222017%22",2026-05-11T20:20:01.556923Z,2.4 Gd-6 SRX 4x4 Pick Up Double Cab,2018,220 848 KM,Manual,Midstream (GP),5,4,Double Cab,White,Complete but Due,7.3 l/100km,2393 cc,Diesel,80 l,110 kW,6,FR,2026-05-11T20:21:30.554913Z,11-05-26
2017 Ford Ranger 3.2tdci XLT Pick Up Double Cab,R 197 900,E2DA08209,https://www.webuycars.co.za/buy-a-car/Ford/Ranger-32tdci-XLT-Pick-Up-Double-Cab/E2DA08209,"['https://photos.webuycars.co.za/photobooth/E2DA08209/Thumbnails/E2DA0820917.webp', 'https://photos.webuycars.co.za/photobooth/E2DA08209/Thumbnails/E2DA082095.webp', 'https://photos.webuycars.co.za/photobooth/E2DA08209/Thumbnails/E2DA082098.webp', 'https://photos.webuycars.co.za/photobooth/E2DA08209/Thumbnails/E2DA0820911.webp', 'https://photos.webuycars.co.za/photobooth/E2DA08209/Thumbnails/E2DA082099.webp', 'https://photos.webuycars.co.za/photobooth/E2DA08209/Thumbnails/E2DA082090.webp', 'https://photos.webuycars.co.za/photobooth/E2DA08209/Thumbnails/E2DA0820918.webp', 'https://photos.webuycars.co.za/photobooth/E2DA08209/Thumbnails/E2DA0820914.webp', 'https://photos.webuycars.co.za/photobooth/E2DA08209/Thumbnails/E2DA0820923.webp', 'https://photos.webuycars.co.za/photobooth/E2DA08209/Thumbnails/E2DA0820915.webp', 'https://photos.webuycars.co.za/photobooth/E2DA08209/Thumbnails/E2DA0820926.webp', 'https://photos.webuycars.co.za/photobooth/E2DA08209/Thumbnails/E2DA0820924.webp', 'https://photos.webuycars.co.za/photobooth/E2DA08209/Thumbnails/E2DA0820913.webp', 'https://photos.webuycars.co.za/photobooth/E2DA08209/Thumbnails/E2DA082097.webp', 'https://photos.webuycars.co.za/photobooth/E2DA08209/Thumbnails/E2DA0820912.webp', 'https://photos.webuycars.co.za/photobooth/E2DA08209/Thumbnails/E2DA0820916.webp', 'https://photos.webuycars.co.za/photobooth/E2DA08209/Thumbnails/E2DA082096.webp', 'https://photos.webuycars.co.za/photobooth/E2DA08209/Thumbnails/E2DA0820919.webp', 'https://photos.webuycars.co.za/photobooth/E2DA08209/Thumbnails/E2DA0820920.webp']",19,"https://www.webuycars.co.za/buy-a-car?q=%22Ford%20Ranger%22&Year=[2017,2026]&Year_Gte=%222017%22",2026-05-11T20:20:07.712459Z,3.2tdci XLT Pick Up Double Cab,2017,160 316 KM,Manual,Pietermaritzburg (KZN),5,4,Double Cab,White,No record,7.9 l/100km,3198 cc,Diesel,80 l,147 kW,6,R,2026-05-11T20:21:37.630336Z,11-05-26
2021 Ford Ranger 2.2tdci L/R Pick Up Single Cab,R 172 900,B4ED10027,https://www.webuycars.co.za/buy-a-car/Ford/Ranger-22tdci-L-R-Pick-Up-Single-Cab/B4ED10027,"['https://photos.webuycars.co.za/photobooth/B4ED10027/Thumbnails/B4ED1002715.webp', 'https://photos.webuycars.co.za/photobooth/B4ED10027/Thumbnails/B4ED100277.webp', 'https://photos.webuycars.co.za/photobooth/B4ED10027/Thumbnails/B4ED1002724.webp', 'https://photos.webuycars.co.za/photobooth/B4ED10027/Thumbnails/B4ED1002714.webp', 'https://photos.webuycars.co.za/photobooth/B4ED10027/Thumbnails/B4ED1002717.webp', 'https://photos.webuycars.co.za/photobooth/B4ED10027/Thumbnails/B4ED100270.webp', 'https://photos.webuycars.co.za/photobooth/B4ED10027/Thumbnails/B4ED1002720.webp', 'https://photos.webuycars.co.za/photobooth/B4ED10027/Thumbnails/B4ED1002721.webp', 'https://photos.webuycars.co.za/photobooth/B4ED10027/Thumbnails/B4ED100278.webp', 'https://photos.webuycars.co.za/photobooth/B4ED10027/Thumbnails/B4ED100276.webp', 'https://photos.webuycars.co.za/photobooth/B4ED10027/Thumbnails/B4ED1002716.webp', 'https://photos.webuycars.co.za/photobooth/B4ED10027/Thumbnails/B4ED1002726.webp', 'https://photos.webuycars.co.za/photobooth/B4ED10027/Thumbnails/B4ED100279.webp', 'https://photos.webuycars.co.za/photobooth/B4ED10027/Thumbnails/B4ED100275.webp']",14,"https://www.webuycars.co.za/buy-a-car?q=%22Ford%20Ranger%22&Year=[2017,2026]&Year_Gte=%222017%22",2026-05-11T20:20:08.369412Z,2.2tdci L/R Pick Up Single Cab,2021,140 491 KM,Manual,JHB South (GP),2,2,Single Cab,White,No record,9 l/100km,2198 cc,Diesel,80 l,88 kW,5,R,2026-05-11T20:21:42.489026Z,11-05-26
2018 Ford Ranger 2.2tdci XL 4x4 Pick Up Double Cab,R 301 900,EDD813427,https://www.webuycars.co.za/buy-a-car/Ford/Ranger-22tdci-XL-4x4-Pick-Up-Double-Cab/EDD813427,"['https://photos.webuycars.co.za/photobooth/EDD813427/Thumbnails/EDD81342712.webp', 'https://photos.webuycars.co.za/photobooth/EDD813427/Thumbnails/EDD8134277.webp', 'https://photos.webuycars.co.za/photobooth/EDD813427/Thumbnails/EDD81342717.webp', 'https://photos.webuycars.co.za/photobooth/EDD813427/Thumbnails/EDD8134276.webp', 'https://photos.webuycars.co.za/photobooth/EDD813427/Thumbnails/EDD81342727.webp', 'https://photos.webuycars.co.za/photobooth/EDD813427/Thumbnails/EDD8134275.webp', 'https://photos.webuycars.co.za/photobooth/EDD813427/Thumbnails/EDD81342726.webp', 'https://photos.webuycars.co.za/photobooth/EDD813427/Thumbnails/EDD81342718.webp', 'https://photos.webuycars.co.za/photobooth/EDD813427/Thumbnails/EDD8134270.webp', 'https://photos.webuycars.co.za/photobooth/EDD813427/Thumbnails/EDD81342714.webp', 'https://photos.webuycars.co.za/photobooth/EDD813427/Thumbnails/EDD81342723.webp', 'https://photos.webuycars.co.za/photobooth/EDD813427/Thumbnails/EDD8134278.webp', 'https://photos.webuycars.co.za/photobooth/EDD813427/Thumbnails/EDD81342716.webp', 'https://photos.webuycars.co.za/photobooth/EDD813427/Thumbnails/EDD81342711.webp', 'https://photos.webuycars.co.za/photobooth/EDD813427/Thumbnails/EDD81342720.webp', 'https://photos.webuycars.co.za/photobooth/EDD813427/Thumbnails/EDD8134279.webp', 'https://photos.webuycars.co.za/photobooth/EDD813427/Thumbnails/EDD81342715.webp', 'https://photos.webuycars.co.za/photobooth/EDD813427/Thumbnails/EDD81342721.webp', 'https://photos.webuycars.co.za/photobooth/EDD813427/Thumbnails/EDD81342713.webp', 'https://photos.webuycars.co.za/photobooth/EDD813427/Thumbnails/EDD81342724.webp', 'https://photos.webuycars.co.za/photobooth/EDD813427/Thumbnails/EDD81342719.webp']",21,"https://www.webuycars.co.za/buy-a-car?q=%22Ford%20Ranger%22&Year=[2017,2026]&Year_Gte=%222017%22",2026-05-11T20:20:09.260482Z,2.2tdci XL 4x4 Pick Up Double Cab,2018,39 366 KM,Manual,Montana (GP),5,4,Double Cab,White,Partial,7.4 l/100km,2198 cc,Diesel,80 l,118 kW,6,F/R,2026-05-11T20:21:47.201373Z,11-05-26
2020 Ford Ranger 2.2tdci L/R Pick Up Single Cab,R 216 900,15FF10917,https://www.webuycars.co.za/buy-a-car/Ford/Ranger-22tdci-L-R-Pick-Up-Single-Cab/15FF10917,"['https://photos.webuycars.co.za/photobooth/15FF10917/Thumbnails/15FF1091716.webp', 'https://photos.webuycars.co.za/photobooth/15FF10917/Thumbnails/15FF1091719.webp', 'https://photos.webuycars.co.za/photobooth/15FF10917/Thumbnails/15FF1091724.webp', 'https://photos.webuycars.co.za/photobooth/15FF10917/Thumbnails/15FF109178.webp', 'https://photos.webuycars.co.za/photobooth/15FF10917/Thumbnails/15FF1091712.webp', 'https://photos.webuycars.co.za/photobooth/15FF10917/Thumbnails/15FF1091715.webp', 'https://photos.webuycars.co.za/photobooth/15FF10917/Thumbnails/15FF1091717.webp', 'https://photos.webuycars.co.za/photobooth/15FF10917/Thumbnails/15FF1091726.webp', 'https://photos.webuycars.co.za/photobooth/15FF10917/Thumbnails/15FF1091714.webp', 'https://photos.webuycars.co.za/photobooth/15FF10917/Thumbnails/15FF109177.webp', 'https://photos.webuycars.co.za/photobooth/15FF10917/Thumbnails/15FF109175.webp', 'https://photos.webuycars.co.za/photobooth/15FF10917/Thumbnails/15FF109170.webp', 'https://photos.webuycars.co.za/photobooth/15FF10917/Thumbnails/15FF1091718.webp', 'https://photos.webuycars.co.za/photobooth/15FF10917/Thumbnails/15FF109179.webp', 'https://photos.webuycars.co.za/photobooth/15FF10917/Thumbnails/15FF109176.webp']",15,"https://www.webuycars.co.za/buy-a-car?q=%22Ford%20Ranger%22&Year=[2017,2026]&Year_Gte=%222017%22",2026-05-11T20:20:09.746988Z,2.2tdci L/R Pick Up Single Cab,2020,52 771 KM,Manual,Springfield (KZN),2,2,Single Cab,White,Partial but Up to Date,9 l/100km,2198 cc,Diesel,80 l,88 kW,5,R,2026-05-11T20:21:51.809994Z,11-05-26
2019 Ford Ranger 2.2tdci Pick Up Sup/cab,R 172 900,C44912399,https://www.webuycars.co.za/buy-a-car/Ford/Ranger-22tdci-Pick-Up-Sup-cab/C44912399,"['https://photos.webuycars.co.za/photobooth/C44912399/Thumbnails/C4491239926.webp', 'https://photos.webuycars.co.za/photobooth/C44912399/Thumbnails/C4491239919.webp', 'https://photos.webuycars.co.za/photobooth/C44912399/Thumbnails/C4491239920.webp', 'https://photos.webuycars.co.za/photobooth/C44912399/Thumbnails/C449123998.webp', 'https://photos.webuycars.co.za/photobooth/C44912399/Thumbnails/C449123990.webp', 'https://photos.webuycars.co.za/photobooth/C44912399/Thumbnails/C4491239924.webp', 'https://photos.webuycars.co.za/photobooth/C44912399/Thumbnails/C4491239912.webp', 'https://photos.webuycars.co.za/photobooth/C44912399/Thumbnails/C449123996.webp', 'https://photos.webuycars.co.za/photobooth/C44912399/Thumbnails/C4491239915.webp', 'https://photos.webuycars.co.za/photobooth/C44912399/Thumbnails/C449123997.webp', 'https://photos.webuycars.co.za/photobooth/C44912399/Thumbnails/C4491239916.webp', 'https://photos.webuycars.co.za/photobooth/C44912399/Thumbnails/C4491239917.webp', 'https://photos.webuycars.co.za/photobooth/C44912399/Thumbnails/C4491239918.webp', 'https://photos.webuycars.co.za/photobooth/C44912399/Thumbnails/C449123995.webp', 'https://photos.webuycars.co.za/photobooth/C44912399/Thumbnails/C449123999.webp', 'https://photos.webuycars.co.za/photobooth/C44912399/Thumbnails/C4491239914.webp', 'https://photos.webuycars.co.za/photobooth/C44912399/Thumbnails/C4491239911.webp']",17,"https://www.webuycars.co.za/buy-a-car?q=%22Ford%20Ranger%22&Year=[2017,2026]&Year_Gte=%222017%22",2026-05-11T20:20:10.867310Z,2.2tdci Pick Up Sup/cab,2019,137 490 KM,Manual,East London (EC),2,2,Single Cab,White,No record,8.2 l/100km,2198 cc,Diesel,80 l,88 kW,5,R,2026-05-11T20:21:56.465258Z,11-05-26
2018 Ford Ranger 2.2tdci XL Pick Up Double Cab,R 195 000,C4D505137,https://www.webuycars.co.za/buy-a-car/Ford/Ranger-22tdci-XL-Pick-Up-Double-Cab/C4D505137,"['https://photos.webuycars.co.za/photobooth/C4D505137/Thumbnails/C4D5051378.webp', 'https://photos.webuycars.co.za/photobooth/C4D505137/Thumbnails/C4D50513715.webp', 'https://photos.webuycars.co.za/photobooth/C4D505137/Thumbnails/C4D50513726.webp', 'https://photos.webuycars.co.za/photobooth/C4D505137/Thumbnails/C4D50513713.webp', 'https://photos.webuycars.co.za/photobooth/C4D505137/Thumbnails/C4D50513721.webp', 'https://photos.webuycars.co.za/photobooth/C4D505137/Thumbnails/C4D50513716.webp', 'https://photos.webuycars.co.za/photobooth/C4D505137/Thumbnails/C4D50513712.webp', 'https://photos.webuycars.co.za/photobooth/C4D505137/Thumbnails/C4D5051377.webp', 'https://photos.webuycars.co.za/photobooth/C4D505137/Thumbnails/C4D50513727.webp', 'https://photos.webuycars.co.za/photobooth/C4D505137/Thumbnails/C4D50513718.webp', 'https://photos.webuycars.co.za/photobooth/C4D505137/Thumbnails/C4D50513711.webp', 'https://photos.webuycars.co.za/photobooth/C4D505137/Thumbnails/C4D50513720.webp', 'https://photos.webuycars.co.za/photobooth/C4D505137/Thumbnails/C4D5051370.webp', 'https://photos.webuycars.co.za/photobooth/C4D505137/Thumbnails/C4D50513717.webp', 'https://photos.webuycars.co.za/photobooth/C4D505137/Thumbnails/C4D5051379.webp', 'https://photos.webuycars.co.za/photobooth/C4D505137/Thumbnails/C4D50513724.webp', 'https://photos.webuycars.co.za/photobooth/C4D505137/Thumbnails/C4D50513719.webp', 'https://photos.webuycars.co.za/photobooth/C4D505137/Thumbnails/C4D50513723.webp', 'https://photos.webuycars.co.za/photobooth/C4D505137/Thumbnails/C4D50513714.webp', 'https://photos.webuycars.co.za/photobooth/C4D505137/Thumbnails/C4D5051376.webp', 'https://photos.webuycars.co.za/photobooth/C4D505137/Thumbnails/C4D5051375.webp']",21,"https://www.webuycars.co.za/buy-a-car?q=%22Ford%20Ranger%22&Year=[2017,2026]&Year_Gte=%222017%22",2026-05-11T20:20:11.405088Z,2.2tdci XL Pick Up Double Cab,2018,185 173 KM,Manual,Midstream (GP),5,4,Double Cab,Red,Partial,6.8 l/100km,2198 cc,Diesel,80 l,118 kW,6,R,2026-05-11T20:22:01.357431Z,11-05-26
2019 Ford Ranger 2.2tdci XL Pick Up Double Cab,R 301 900,F10613961,https://www.webuycars.co.za/buy-a-car/Ford/Ranger-22tdci-XL-Pick-Up-Double-Cab/F10613961,"['https://photos.webuycars.co.za/photobooth/F10613961/Thumbnails/F1061396115.webp', 'https://photos.webuycars.co.za/photobooth/F10613961/Thumbnails/F1061396116.webp', 'https://photos.webuycars.co.za/photobooth/F10613961/Thumbnails/F1061396119.webp', 'https://photos.webuycars.co.za/photobooth/F10613961/Thumbnails/F106139619.webp', 'https://photos.webuycars.co.za/photobooth/F10613961/Thumbnails/F106139618.webp', 'https://photos.webuycars.co.za/photobooth/F10613961/Thumbnails/F1061396123.webp', 'https://photos.webuycars.co.za/photobooth/F10613961/Thumbnails/F1061396118.webp', 'https://photos.webuycars.co.za/photobooth/F10613961/Thumbnails/F106139610.webp', 'https://photos.webuycars.co.za/photobooth/F10613961/Thumbnails/F1061396111.webp', 'https://photos.webuycars.co.za/photobooth/F10613961/Thumbnails/F1061396120.webp', 'https://photos.webuycars.co.za/photobooth/F10613961/Thumbnails/F1061396117.webp', 'https://photos.webuycars.co.za/photobooth/F10613961/Thumbnails/F1061396112.webp', 'https://photos.webuycars.co.za/photobooth/F10613961/Thumbnails/F106139615.webp', 'https://photos.webuycars.co.za/photobooth/F10613961/Thumbnails/F1061396114.webp', 'https://photos.webuycars.co.za/photobooth/F10613961/Thumbnails/F106139617.webp', 'https://photos.webuycars.co.za/photobooth/F10613961/Thumbnails/F1061396113.webp', 'https://photos.webuycars.co.za/photobooth/F10613961/Thumbnails/F106139616.webp']",17,"https://www.webuycars.co.za/buy-a-car?q=%22Ford%20Ranger%22&Year=[2017,2026]&Year_Gte=%222017%22",2026-05-11T20:20:11.847608Z,2.2tdci XL Pick Up Double Cab,2019,67 107 KM,Manual,George (WC),5,4,Double Cab,White,"Complete, Up To Date",6.8 l/100km,2198 cc,Diesel,80 l,118 kW,6,R,2026-05-11T20:22:05.921094Z,11-05-26
2021 Ford Ranger 2.2tdci XL Pick Up Double Cab,R 295 900,759A07227,https://www.webuycars.co.za/buy-a-car/Ford/Ranger-22tdci-XL-Pick-Up-Double-Cab/759A07227,"['https://photos.webuycars.co.za/photobooth/759A07227/Thumbnails/759A0722712.webp', 'https://photos.webuycars.co.za/photobooth/759A07227/Thumbnails/759A0722713.webp', 'https://photos.webuycars.co.za/photobooth/759A07227/Thumbnails/759A0722726.webp', 'https://photos.webuycars.co.za/photobooth/759A07227/Thumbnails/759A0722711.webp', 'https://photos.webuycars.co.za/photobooth/759A07227/Thumbnails/759A0722723.webp', 'https://photos.webuycars.co.za/photobooth/759A07227/Thumbnails/759A0722715.webp', 'https://photos.webuycars.co.za/photobooth/759A07227/Thumbnails/759A0722719.webp', 'https://photos.webuycars.co.za/photobooth/759A07227/Thumbnails/759A072275.webp', 'https://photos.webuycars.co.za/photobooth/759A07227/Thumbnails/759A072270.webp', 'https://photos.webuycars.co.za/photobooth/759A07227/Thumbnails/759A0722718.webp', 'https://photos.webuycars.co.za/photobooth/759A07227/Thumbnails/759A0722714.webp', 'https://photos.webuycars.co.za/photobooth/759A07227/Thumbnails/759A0722721.webp', 'https://photos.webuycars.co.za/photobooth/759A07227/Thumbnails/759A0722728.webp', 'https://photos.webuycars.co.za/photobooth/759A07227/Thumbnails/759A0722720.webp', 'https://photos.webuycars.co.za/photobooth/759A07227/Thumbnails/759A072277.webp', 'https://photos.webuycars.co.za/photobooth/759A07227/Thumbnails/759A072279.webp', 'https://photos.webuycars.co.za/photobooth/759A07227/Thumbnails/759A0722724.webp', 'https://photos.webuycars.co.za/photobooth/759A07227/Thumbnails/759A0722716.webp', 'https://photos.webuycars.co.za/photobooth/759A07227/Thumbnails/759A072278.webp', 'https://photos.webuycars.co.za/photobooth/759A07227/Thumbnails/759A072276.webp', 'https://photos.webuycars.co.za/photobooth/759A07227/Thumbnails/759A0722717.webp']",21,"https://www.webuycars.co.za/buy-a-car?q=%22Ford%20Ranger%22&Year=[2017,2026]&Year_Gte=%222017%22",2026-05-11T20:20:12.403623Z,2.2tdci XL Pick Up Double Cab,2021,85 363 KM,Manual,East London (EC),5,4,Double Cab,Silver,"Complete, Up To Date",6.5 l/100km,2198 cc,Diesel,80 l,118 kW,6,R,2026-05-11T20:22:10.243773Z,11-05-26
2018 Ford Ranger 2.2tdci Pick Up Double Cab,R 262 900,79E804881,https://www.webuycars.co.za/buy-a-car/Ford/Ranger-22tdci-Pick-Up-Double-Cab/79E804881,"['https://photos.webuycars.co.za/photobooth/79E804881/Thumbnails/79E8048816.webp', 'https://photos.webuycars.co.za/photobooth/79E804881/Thumbnails/79E8048817.webp', 'https://photos.webuycars.co.za/photobooth/79E804881/Thumbnails/79E80488124.webp', 'https://photos.webuycars.co.za/photobooth/79E804881/Thumbnails/79E80488113.webp', 'https://photos.webuycars.co.za/photobooth/79E804881/Thumbnails/79E80488120.webp', 'https://photos.webuycars.co.za/photobooth/79E804881/Thumbnails/79E8048815.webp', 'https://photos.webuycars.co.za/photobooth/79E804881/Thumbnails/79E80488122.webp', 'https://photos.webuycars.co.za/photobooth/79E804881/Thumbnails/79E8048810.webp', 'https://photos.webuycars.co.za/photobooth/79E804881/Thumbnails/79E80488128.webp', 'https://photos.webuycars.co.za/photobooth/79E804881/Thumbnails/79E80488117.webp', 'https://photos.webuycars.co.za/photobooth/79E804881/Thumbnails/79E80488114.webp', 'https://photos.webuycars.co.za/photobooth/79E804881/Thumbnails/79E80488118.webp', 'https://photos.webuycars.co.za/photobooth/79E804881/Thumbnails/79E80488112.webp', 'https://photos.webuycars.co.za/photobooth/79E804881/Thumbnails/79E80488115.webp', 'https://photos.webuycars.co.za/photobooth/79E804881/Thumbnails/79E80488126.webp', 'https://photos.webuycars.co.za/photobooth/79E804881/Thumbnails/79E80488111.webp', 'https://photos.webuycars.co.za/photobooth/79E804881/Thumbnails/79E80488119.webp', 'https://photos.webuycars.co.za/photobooth/79E804881/Thumbnails/79E80488116.webp', 'https://photos.webuycars.co.za/photobooth/79E804881/Thumbnails/79E8048819.webp', 'https://photos.webuycars.co.za/photobooth/79E804881/Thumbnails/79E8048818.webp']",20,"https://www.webuycars.co.za/buy-a-car?q=%22Ford%20Ranger%22&Year=[2017,2026]&Year_Gte=%222017%22",2026-05-11T20:20:12.874495Z,2.2tdci Pick Up Double Cab,2018,85 543 KM,Manual,Pietermaritzburg (KZN),5,4,Double Cab,White,"Complete, Up To Date",8.6 l/100km,2198 cc,Diesel,80 l,88 kW,5,R,2026-05-11T20:22:15.590971Z,11-05-26
2017 Ford Ranger 3.2tdci XLT Pick Up Double Cab,R 299 900,4DCF01275,https://www.webuycars.co.za/buy-a-car/Ford/Ranger-32tdci-XLT-Pick-Up-Double-Cab/4DCF01275,"['https://photos.webuycars.co.za/photobooth/4DCF01275/Thumbnails/4DCF0127523.webp', 'https://photos.webuycars.co.za/photobooth/4DCF01275/Thumbnails/4DCF0127526.webp', 'https://photos.webuycars.co.za/photobooth/4DCF01275/Thumbnails/4DCF0127517.webp', 'https://photos.webuycars.co.za/photobooth/4DCF01275/Thumbnails/4DCF0127515.webp', 'https://photos.webuycars.co.za/photobooth/4DCF01275/Thumbnails/4DCF0127524.webp', 'https://photos.webuycars.co.za/photobooth/4DCF01275/Thumbnails/4DCF012755.webp', 'https://photos.webuycars.co.za/photobooth/4DCF01275/Thumbnails/4DCF0127516.webp', 'https://photos.webuycars.co.za/photobooth/4DCF01275/Thumbnails/4DCF0127514.webp', 'https://photos.webuycars.co.za/photobooth/4DCF01275/Thumbnails/4DCF0127511.webp', 'https://photos.webuycars.co.za/photobooth/4DCF01275/Thumbnails/4DCF0127512.webp', 'https://photos.webuycars.co.za/photobooth/4DCF01275/Thumbnails/4DCF0127513.webp', 'https://photos.webuycars.co.za/photobooth/4DCF01275/Thumbnails/4DCF012758.webp', 'https://photos.webuycars.co.za/photobooth/4DCF01275/Thumbnails/4DCF0127520.webp', 'https://photos.webuycars.co.za/photobooth/4DCF01275/Thumbnails/4DCF012759.webp', 'https://photos.webuycars.co.za/photobooth/4DCF01275/Thumbnails/4DCF012756.webp', 'https://photos.webuycars.co.za/photobooth/4DCF01275/Thumbnails/4DCF012757.webp', 'https://photos.webuycars.co.za/photobooth/4DCF01275/Thumbnails/4DCF012750.webp', 'https://photos.webuycars.co.za/photobooth/4DCF01275/Thumbnails/4DCF0127519.webp', 'https://photos.webuycars.co.za/photobooth/4DCF01275/Thumbnails/4DCF0127518.webp']",19,"https://www.webuycars.co.za/buy-a-car?q=%22Ford%20Ranger%22&Year=[2017,2026]&Year_Gte=%222017%22",2026-05-11T20:20:13.402807Z,3.2tdci XLT Pick Up Double Cab,2017,93 923 KM,Manual,Dome (GP),5,4,Double Cab,White,"Complete, Up To Date",7.9 l/100km,3198 cc,Diesel,80 l,147 kW,6,R,2026-05-11T20:22:20.358442Z,11-05-26
2019 Ford Ranger 2.2tdci XL Auto Pick Up Double Cab,R 304 900,246D12368,https://www.webuycars.co.za/buy-a-car/Ford/Ranger-22tdci-XL-Auto-Pick-Up-Double-Cab/246D12368,"['https://photos.webuycars.co.za/photobooth/246D12368/Thumbnails/246D1236812.webp', 'https://photos.webuycars.co.za/photobooth/246D12368/Thumbnails/246D1236826.webp', 'https://photos.webuycars.co.za/photobooth/246D12368/Thumbnails/246D1236823.webp', 'https://photos.webuycars.co.za/photobooth/246D12368/Thumbnails/246D123687.webp', 'https://photos.webuycars.co.za/photobooth/246D12368/Thumbnails/246D1236814.webp', 'https://photos.webuycars.co.za/photobooth/246D12368/Thumbnails/246D1236816.webp', 'https://photos.webuycars.co.za/photobooth/246D12368/Thumbnails/246D123688.webp', 'https://photos.webuycars.co.za/photobooth/246D12368/Thumbnails/246D1236820.webp', 'https://photos.webuycars.co.za/photobooth/246D12368/Thumbnails/246D123689.webp', 'https://photos.webuycars.co.za/photobooth/246D12368/Thumbnails/246D1236828.webp', 'https://photos.webuycars.co.za/photobooth/246D12368/Thumbnails/246D1236817.webp', 'https://photos.webuycars.co.za/photobooth/246D12368/Thumbnails/246D1236815.webp', 'https://photos.webuycars.co.za/photobooth/246D12368/Thumbnails/246D1236813.webp', 'https://photos.webuycars.co.za/photobooth/246D12368/Thumbnails/246D123686.webp', 'https://photos.webuycars.co.za/photobooth/246D12368/Thumbnails/246D1236819.webp', 'https://photos.webuycars.co.za/photobooth/246D12368/Thumbnails/246D123680.webp', 'https://photos.webuycars.co.za/photobooth/246D12368/Thumbnails/246D123685.webp', 'https://photos.webuycars.co.za/photobooth/246D12368/Thumbnails/246D1236824.webp', 'https://photos.webuycars.co.za/photobooth/246D12368/Thumbnails/246D1236818.webp', 'https://photos.webuycars.co.za/photobooth/246D12368/Thumbnails/246D1236811.webp']",20,"https://www.webuycars.co.za/buy-a-car?q=%22Ford%20Ranger%22&Year=[2017,2026]&Year_Gte=%222017%22",2026-05-11T20:20:14.067052Z,2.2tdci XL Auto Pick Up Double Cab,2019,98 088 KM,Automatic,Springfield (KZN),5,4,Double Cab,White,"Complete, Up To Date",7.6 l/100km,2198 cc,Diesel,80 l,118 kW,6,R,2026-05-11T20:22:24.759405Z,11-05-26
2018 Ford Ranger 2.2tdci XL Pick Up Sup/cab,R 239 900,647C14337,https://www.webuycars.co.za/buy-a-car/Ford/Ranger-22tdci-XL-Pick-Up-Sup-cab/647C14337,"['https://photos.webuycars.co.za/photobooth/647C14337/Thumbnails/647C1433724.webp', 'https://photos.webuycars.co.za/photobooth/647C14337/Thumbnails/647C143379.webp', 'https://photos.webuycars.co.za/photobooth/647C14337/Thumbnails/647C1433712.webp', 'https://photos.webuycars.co.za/photobooth/647C14337/Thumbnails/647C143376.webp', 'https://photos.webuycars.co.za/photobooth/647C14337/Thumbnails/647C143375.webp', 'https://photos.webuycars.co.za/photobooth/647C14337/Thumbnails/647C1433721.webp', 'https://photos.webuycars.co.za/photobooth/647C14337/Thumbnails/647C1433717.webp', 'https://photos.webuycars.co.za/photobooth/647C14337/Thumbnails/647C1433715.webp', 'https://photos.webuycars.co.za/photobooth/647C14337/Thumbnails/647C143377.webp', 'https://photos.webuycars.co.za/photobooth/647C14337/Thumbnails/647C1433726.webp', 'https://photos.webuycars.co.za/photobooth/647C14337/Thumbnails/647C143378.webp', 'https://photos.webuycars.co.za/photobooth/647C14337/Thumbnails/647C143370.webp', 'https://photos.webuycars.co.za/photobooth/647C14337/Thumbnails/647C1433716.webp', 'https://photos.webuycars.co.za/photobooth/647C14337/Thumbnails/647C1433714.webp', 'https://photos.webuycars.co.za/photobooth/647C14337/Thumbnails/647C1433719.webp', 'https://photos.webuycars.co.za/photobooth/647C14337/Thumbnails/647C1433718.webp', 'https://photos.webuycars.co.za/photobooth/647C14337/Thumbnails/647C1433720.webp']",17,"https://www.webuycars.co.za/buy-a-car?q=%22Ford%20Ranger%22&Year=[2017,2026]&Year_Gte=%222017%22",2026-05-11T20:20:14.508781Z,2.2tdci XL Pick Up Sup/cab,2018,95 906 KM,Manual,East London (EC),2,2,Single Cab,White,"Complete, Up To Date",6.8 l/100km,2198 cc,Diesel,80 l,118 kW,6,R,2026-05-11T20:22:29.062568Z,11-05-26
2017 Ford Ranger 2.2tdci XL Pick Up Double Cab,R 197 900,6E5108907,https://www.webuycars.co.za/buy-a-car/Ford/Ranger-22tdci-XL-Pick-Up-Double-Cab/6E5108907,"['https://photos.webuycars.co.za/photobooth/6E5108907/Thumbnails/6E51089076.webp', 'https://photos.webuycars.co.za/photobooth/6E5108907/Thumbnails/6E51089077.webp', 'https://photos.webuycars.co.za/photobooth/6E5108907/Thumbnails/6E510890716.webp', 'https://photos.webuycars.co.za/photobooth/6E5108907/Thumbnails/6E510890715.webp', 'https://photos.webuycars.co.za/photobooth/6E5108907/Thumbnails/6E510890714.webp', 'https://photos.webuycars.co.za/photobooth/6E5108907/Thumbnails/6E51089079.webp', 'https://photos.webuycars.co.za/photobooth/6E5108907/Thumbnails/6E510890717.webp', 'https://photos.webuycars.co.za/photobooth/6E5108907/Thumbnails/6E510890726.webp', 'https://photos.webuycars.co.za/photobooth/6E5108907/Thumbnails/6E51089070.webp', 'https://photos.webuycars.co.za/photobooth/6E5108907/Thumbnails/6E51089078.webp', 'https://photos.webuycars.co.za/photobooth/6E5108907/Thumbnails/6E510890711.webp', 'https://photos.webuycars.co.za/photobooth/6E5108907/Thumbnails/6E51089075.webp', 'https://photos.webuycars.co.za/photobooth/6E5108907/Thumbnails/6E510890712.webp']",13,"https://www.webuycars.co.za/buy-a-car?q=%22Ford%20Ranger%22&Year=[2017,2026]&Year_Gte=%222017%22",2026-05-11T20:20:14.861616Z,2.2tdci XL Pick Up Double Cab,2017,188 404 KM,Manual,JHB South (GP),5,4,Double Cab,White,Partial,6.8 l/100km,2198 cc,Diesel,80 l,118 kW,6,R,2026-05-11T20:22:34.085991Z,11-05-26
2018 Ford Ranger 2.2tdci XL Auto Pick Up Double Cab,R 271 900,6D0307197,https://www.webuycars.co.za/buy-a-car/Ford/Ranger-22tdci-XL-Auto-Pick-Up-Double-Cab/6D0307197,"['https://photos.webuycars.co.za/photobooth/6D0307197/Thumbnails/6D030719724.webp', 'https://photos.webuycars.co.za/photobooth/6D0307197/Thumbnails/6D030719723.webp', 'https://photos.webuycars.co.za/photobooth/6D0307197/Thumbnails/6D030719713.webp', 'https://photos.webuycars.co.za/photobooth/6D0307197/Thumbnails/6D030719726.webp', 'https://photos.webuycars.co.za/photobooth/6D0307197/Thumbnails/6D03071979.webp', 'https://photos.webuycars.co.za/photobooth/6D0307197/Thumbnails/6D03071978.webp', 'https://photos.webuycars.co.za/photobooth/6D0307197/Thumbnails/6D030719714.webp', 'https://photos.webuycars.co.za/photobooth/6D0307197/Thumbnails/6D030719717.webp', 'https://photos.webuycars.co.za/photobooth/6D0307197/Thumbnails/6D03071976.webp', 'https://photos.webuycars.co.za/photobooth/6D0307197/Thumbnails/6D030719728.webp', 'https://photos.webuycars.co.za/photobooth/6D0307197/Thumbnails/6D030719715.webp', 'https://photos.webuycars.co.za/photobooth/6D0307197/Thumbnails/6D030719720.webp', 'https://photos.webuycars.co.za/photobooth/6D0307197/Thumbnails/6D030719711.webp', 'https://photos.webuycars.co.za/photobooth/6D0307197/Thumbnails/6D03071977.webp', 'https://photos.webuycars.co.za/photobooth/6D0307197/Thumbnails/6D030719712.webp', 'https://photos.webuycars.co.za/photobooth/6D0307197/Thumbnails/6D03071975.webp', 'https://photos.webuycars.co.za/photobooth/6D0307197/Thumbnails/6D03071970.webp', 'https://photos.webuycars.co.za/photobooth/6D0307197/Thumbnails/6D030719716.webp', 'https://photos.webuycars.co.za/photobooth/6D0307197/Thumbnails/6D030719718.webp', 'https://photos.webuycars.co.za/photobooth/6D0307197/Thumbnails/6D030719719.webp']",20,"https://www.webuycars.co.za/buy-a-car?q=%22Ford%20Ranger%22&Year=[2017,2026]&Year_Gte=%222017%22",2026-05-11T20:20:15.392267Z,2.2tdci XL Auto Pick Up Double Cab,2018,103 065 KM,Automatic,Rustenburg (NW),5,4,Double Cab,White,Partial but Up to Date,7.7 l/100km,2198 cc,Diesel,80 l,118 kW,6,R,2026-05-11T20:22:39.387948Z,11-05-26
2017 Ford Ranger 2.2tdci XL Auto Pick Up Double Cab,R 278 900,88F606919,https://www.webuycars.co.za/buy-a-car/Ford/Ranger-22tdci-XL-Auto-Pick-Up-Double-Cab/88F606919,"['https://photos.webuycars.co.za/photobooth/88F606919/Thumbnails/88F60691926.webp', 'https://photos.webuycars.co.za/photobooth/88F606919/Thumbnails/88F6069195.webp', 'https://photos.webuycars.co.za/photobooth/88F606919/Thumbnails/88F6069198.webp', 'https://photos.webuycars.co.za/photobooth/88F606919/Thumbnails/88F60691917.webp', 'https://photos.webuycars.co.za/photobooth/88F606919/Thumbnails/88F60691916.webp', 'https://photos.webuycars.co.za/photobooth/88F606919/Thumbnails/88F6069197.webp', 'https://photos.webuycars.co.za/photobooth/88F606919/Thumbnails/88F6069196.webp', 'https://photos.webuycars.co.za/photobooth/88F606919/Thumbnails/88F6069190.webp', 'https://photos.webuycars.co.za/photobooth/88F606919/Thumbnails/88F6069199.webp', 'https://photos.webuycars.co.za/photobooth/88F606919/Thumbnails/88F60691915.webp', 'https://photos.webuycars.co.za/photobooth/88F606919/Thumbnails/88F60691911.webp', 'https://photos.webuycars.co.za/photobooth/88F606919/Thumbnails/88F60691918.webp', 'https://photos.webuycars.co.za/photobooth/88F606919/Thumbnails/88F60691913.webp', 'https://photos.webuycars.co.za/photobooth/88F606919/Thumbnails/88F60691924.webp', 'https://photos.webuycars.co.za/photobooth/88F606919/Thumbnails/88F60691920.webp', 'https://photos.webuycars.co.za/photobooth/88F606919/Thumbnails/88F60691914.webp', 'https://photos.webuycars.co.za/photobooth/88F606919/Thumbnails/88F60691912.webp', 'https://photos.webuycars.co.za/photobooth/88F606919/Thumbnails/88F60691921.webp', 'https://photos.webuycars.co.za/photobooth/88F606919/Thumbnails/88F60691923.webp', 'https://photos.webuycars.co.za/photobooth/88F606919/Thumbnails/88F60691919.webp']",20,"https://www.webuycars.co.za/buy-a-car?q=%22Ford%20Ranger%22&Year=[2017,2026]&Year_Gte=%222017%22",2026-05-11T20:20:15.873798Z,2.2tdci XL Auto Pick Up Double Cab,2017,104 603 KM,Automatic,Mbombela (MP),5,4,Double Cab,White,"Complete, Up To Date",7.7 l/100km,2198 cc,Diesel,80 l,118 kW,6,R,2026-05-11T20:22:46.976112Z,11-05-26
